StartDate,EndDate,Status,IPAddress,Progress,Duration (in seconds),Finished,RecordedDate,ResponseId,RecipientLastName,RecipientFirstName,RecipientEmail,ExternalReference,LocationLatitude,LocationLongitude,DistributionChannel,UserLanguage,workerID,CongTime_First Click,CongTime_Last Click,CongTime_Page Submit,CongTime_Click Count,IncongTime_First Click,IncongTime_Last Click,IncongTime_Page Submit,IncongTime_Click Count,NoCueTime_First Click,NoCueTime_Last Click,NoCueTime_Page Submit,NoCueTime_Click Count,ProhAway,ProhAwayTime_First Click,ProhAwayTime_Last Click,ProhAwayTime_Page Submit,ProhAwayTime_Click Count,ProhTouch,ProhTouchTime_First Click,ProhTouchTime_Last Click,ProhTouchTime_Page Submit,ProhTouchTime_Click Count,NonexiBucket,NonexiBucketTime_First Click,NonexiBucketTime_Last Click,NonexiBucketTime_Page Submit,NonexiBucketTime_Click Count,NonexiTruck,NonexiTruckTime_First Click,NonexiTruckTime_Last Click,NonexiTruckTime_Page Submit,NonexiTruckTime_Click Count,DenialZupy,DenialZupyTime_First Click,DenialZupyTime_Last Click,DenialZupyTime_Page Submit,DenialZupyTime_Click Count,DenialDaxy,DenialDaxyTime_First Click,DenialDaxyTime_Last Click,DenialDaxyTime_Page Submit,DenialDaxyTime_Click Count,Sha,Bei,StudyGoal,comment,catch,mTurkCode,FL_13_DO,FL_9_DO,WordMeaning_DO
Start Date,End Date,Response Type,IP Address,Progress,Duration (in seconds),Finished,Recorded Date,Response ID,Recipient Last Name,Recipient First Name,Recipient Email,External Data Reference,Location Latitude,Location Longitude,Distribution Channel,User Language,Please enter your worker ID:,Timing - First Click,Timing - Last Click,Timing - Page Submit,Timing - Click Count,Timing - First Click,Timing - Last Click,Timing - Page Submit,Timing - Click Count,Timing - First Click,Timing - Last Click,Timing - Page Submit,Timing - Click Count,"David wants to know if he is allowed to touch the object below. 


Mom says: 

(please click the triangle).


Should David stay away from it? Or is it okay for him to touch it?",Timing - First Click,Timing - Last Click,Timing - Page Submit,Timing - Click Count,"David wants to know if he is allowed to touch the object below. 

Mom says:

(please click the triangle)


Should David stay away from it? Or is it okay for him to touch it?",Timing - First Click,Timing - Last Click,Timing - Page Submit,Timing - Click Count,"Mom put another object either in the truck or in the bucket below. 

David wants to know where it is.


David asks: ""Is it in the truck?""

Mom says:

  (please click the triangle)


Where is the object? In the truck or in the bucket?",Timing - First Click,Timing - Last Click,Timing - Page Submit,Timing - Click Count,"Mom put another object either in the truck or in the bucket below. 

David wants to know where it is.


David asks: ""Is it in the truck?""

Mom says:

  (please click the triangle)


Where is the object? In the truck or in the bucket?",Timing - First Click,Timing - Last Click,Timing - Page Submit,Timing - Click Count,"The object below is either zupy or daxy (i.e., a novel property of the object).

 

David asks: ""Is it zupy?""

Mom says:

  (please click the triangle)

 

Is it zupy or daxy?",Timing - First Click,Timing - Last Click,Timing - Page Submit,Timing - Click Count,"The object below is either zupy or daxy (i.e., a novel property of the object).

 

David asks: ""Is it zupy?""

Mom says:

  (please click the triangle)

 

Is it zupy or daxy?",Timing - First Click,Timing - Last Click,Timing - Page Submit,Timing - Click Count,"What do you think the word ""Sha"" (  ) means?","What do you think the word ""Bei"" (

) means?",What do you think the study is about?,Do you have any comment or suggestion about the study?,Please select 3 for the question.,mTurkCode,FL_13 - Block Randomizer - Display Order,FL_9 - Block Randomizer - Display Order,WordMeaning - Display Order
"{""ImportId"":""startDate"",""timeZone"":""America/Denver""}","{""ImportId"":""endDate"",""timeZone"":""America/Denver""}","{""ImportId"":""status""}","{""ImportId"":""ipAddress""}","{""ImportId"":""progress""}","{""ImportId"":""duration""}","{""ImportId"":""finished""}","{""ImportId"":""recordedDate"",""timeZone"":""America/Denver""}","{""ImportId"":""_recordId""}","{""ImportId"":""recipientLastName""}","{""ImportId"":""recipientFirstName""}","{""ImportId"":""recipientEmail""}","{""ImportId"":""externalDataReference""}","{""ImportId"":""locationLatitude""}","{""ImportId"":""locationLongitude""}","{""ImportId"":""distributionChannel""}","{""ImportId"":""userLanguage""}","{""ImportId"":""QID25_TEXT""}","{""ImportId"":""QID21_FIRST_CLICK""}","{""ImportId"":""QID21_LAST_CLICK""}","{""ImportId"":""QID21_PAGE_SUBMIT""}","{""ImportId"":""QID21_CLICK_COUNT""}","{""ImportId"":""QID22_FIRST_CLICK""}","{""ImportId"":""QID22_LAST_CLICK""}","{""ImportId"":""QID22_PAGE_SUBMIT""}","{""ImportId"":""QID22_CLICK_COUNT""}","{""ImportId"":""QID24_FIRST_CLICK""}","{""ImportId"":""QID24_LAST_CLICK""}","{""ImportId"":""QID24_PAGE_SUBMIT""}","{""ImportId"":""QID24_CLICK_COUNT""}","{""ImportId"":""QID5""}","{""ImportId"":""QID6_FIRST_CLICK""}","{""ImportId"":""QID6_LAST_CLICK""}","{""ImportId"":""QID6_PAGE_SUBMIT""}","{""ImportId"":""QID6_CLICK_COUNT""}","{""ImportId"":""QID10""}","{""ImportId"":""QID12_FIRST_CLICK""}","{""ImportId"":""QID12_LAST_CLICK""}","{""ImportId"":""QID12_PAGE_SUBMIT""}","{""ImportId"":""QID12_CLICK_COUNT""}","{""ImportId"":""QID7""}","{""ImportId"":""QID13_FIRST_CLICK""}","{""ImportId"":""QID13_LAST_CLICK""}","{""ImportId"":""QID13_PAGE_SUBMIT""}","{""ImportId"":""QID13_CLICK_COUNT""}","{""ImportId"":""QID11""}","{""ImportId"":""QID14_FIRST_CLICK""}","{""ImportId"":""QID14_LAST_CLICK""}","{""ImportId"":""QID14_PAGE_SUBMIT""}","{""ImportId"":""QID14_CLICK_COUNT""}","{""ImportId"":""QID29""}","{""ImportId"":""QID31_FIRST_CLICK""}","{""ImportId"":""QID31_LAST_CLICK""}","{""ImportId"":""QID31_PAGE_SUBMIT""}","{""ImportId"":""QID31_CLICK_COUNT""}","{""ImportId"":""QID30""}","{""ImportId"":""QID32_FIRST_CLICK""}","{""ImportId"":""QID32_LAST_CLICK""}","{""ImportId"":""QID32_PAGE_SUBMIT""}","{""ImportId"":""QID32_CLICK_COUNT""}","{""ImportId"":""QID15_TEXT""}","{""ImportId"":""QID16_TEXT""}","{""ImportId"":""QID17_TEXT""}","{""ImportId"":""QID18_TEXT""}","{""ImportId"":""QID28""}","{""ImportId"":""mTurkCode""}","{""ImportId"":""FL_13_DO""}","{""ImportId"":""FL_9_DO""}","{""ImportId"":""BL_248dtBvp5GylimN_DO""}"
2019-05-22 00:10:28,2019-05-22 00:12:52,Survey Preview,,100,143,True,2019-05-22 00:12:53,R_x2W19hyxn1gHe9P,,,,,37.385894775390625,-122.08819580078125,preview,EN,,,,,,17.392,35.075,37.062,2,,,,,,0,0,1.902,0,,0,0,5.459,0,,0,0,6.649,0,,0,0,2.024,0,Daxy,15.322,15.322,19.501,1,Zupy,10.337,10.337,11.966,1,,,,,,884548,Incong,DenialZupy|DenialDaxy|ProhTouch|NonexiBucket|NonexiTruck|ProhAway,Bei|Sha
2019-05-22 02:14:34,2019-05-22 02:16:13,Survey Preview,,100,99,True,2019-05-22 02:16:13,R_2aQvRAqDwd5l4ly,,,,,37.385894775390625,-122.08819580078125,preview,EN,,,,,,,,,,0,0,42.173,0,,0,0,6.045,0,,0,0,0.936,0,,0,0,2.1,0,,0,0,1.31,0,,0,0,1.772,0,,0,0,3.983,0,,,,,,76424,NoCue,ProhAway|NonexiBucket|ProhTouch|DenialDaxy|DenialZupy|NonexiTruck,Sha|Bei
2019-05-31 22:06:30,2019-05-31 22:11:30,IP Address,67.188.115.40,100,300,True,2019-05-31 22:11:30,R_3JCcDgzzM0kPZ8y,,,,,37.385894775390625,-122.08819580078125,anonymous,EN,jl,0,0,40.31,0,,,,,,,,,Stay away,6.988,6.988,8.648,1,Touch it,8.176,9.139,10.71,2,Bucket,4.525,4.525,5.422,1,Truck,3.991,3.991,5.101,1,Zupy,5.635,6.501,7.802,2,Daxy,5.439,5.439,6.772,1,yes,no,if learning a new language is affected by emotion,questions seem duplicated,Three,396504,Cong,ProhTouch|DenialZupy|ProhAway|NonexiTruck|NonexiBucket|DenialDaxy,Sha|Bei
2019-05-31 22:18:55,2019-05-31 22:21:01,IP Address,173.217.96.226,100,126,True,2019-05-31 22:21:02,R_vxCeAaSnQv9j5fj,,,,,30.171295166015625,-93.22440338134765625,anonymous,EN,AR5AV0OMG1SJU,38.501,38.501,39.595,1,,,,,,,,,Stay away,1.52,4.034,5.233,2,Touch it,1.095,8.314,8.977,4,Bucket,1.083,3.119,4.219,3,Bucket,1.317,2.938,3.801,2,Daxy,1.407,3.201,4.167,2,Daxy,1.119,3.068,3.982,2,truck,bucket,,,Three,858895,Cong,ProhAway|ProhTouch|DenialZupy|NonexiBucket|NonexiTruck|DenialDaxy,Sha|Bei
2019-05-31 22:18:33,2019-05-31 22:22:02,IP Address,67.190.6.36,100,208,True,2019-05-31 22:22:02,R_1jHqPC91pFbwWVV,,,,,40.03729248046875,-105.27899932861328125,anonymous,EN,APNIVBCW6C2HF,0,0,41.525,0,,,,,,,,,Touch it,11.027,13.578,14.458,3,Stay away,11.445,13.095,14.165,2,Truck,5.342,9.305,10.456,2,Bucket,8.791,10.185,11.302,2,Daxy,7.067,11.111,11.964,2,Zupy,16.008,21.462,22.665,3,no,yes,no idea,,Three,255806,Cong,DenialDaxy|DenialZupy|ProhAway|NonexiBucket|NonexiTruck|ProhTouch,Bei|Sha
2019-05-31 22:18:55,2019-05-31 22:22:02,IP Address,47.148.181.73,100,186,True,2019-05-31 22:22:02,R_3nrpIRM64G6adBZ,,,,,34.0348968505859375,-117.618499755859375,anonymous,EN,AU04NHNF2WGMK,,,,,,,,,0,0,38.39,0,Stay away,5.362,5.362,6.46,1,Touch it,3.752,3.752,4.695,1,Bucket,3.329,3.329,6.301,1,Truck,3.096,3.096,4.057,1,Zupy,14.852,17.395,18.649,2,Daxy,3.837,3.837,4.695,1,Yes,No,Learning language through examples and speech,,Three,282713,NoCue,DenialZupy|ProhAway|DenialDaxy|ProhTouch|NonexiTruck|NonexiBucket,Bei|Sha
2019-05-31 22:19:25,2019-05-31 22:22:48,IP Address,196.17.64.116,100,202,True,2019-05-31 22:22:48,R_1odpbwJrvT9oV0q,,,,,34.0543975830078125,-118.2440032958984375,anonymous,EN,AII8N3ROG996R,,,,,0,0,54.912,0,,,,,Stay away,4.772,4.772,5.596,1,Stay away,8.598,8.598,11.969,1,Truck,3.237,3.701,4.78,2,Truck,0.619,0.619,1.547,1,Zupy,0.298,3.858,4.643,3,Zupy,4.915,4.915,5.676,1,sha,bei,good,i like this study.,Three,856775,Incong,DenialDaxy|ProhTouch|DenialZupy|NonexiTruck|ProhAway|NonexiBucket,Sha|Bei
2019-05-31 22:18:49,2019-05-31 22:22:59,IP Address,97.115.64.183,100,250,True,2019-05-31 22:22:59,R_Uu4WDVyHDtNwLZL,,,,,45.8607940673828125,-122.8282012939453125,anonymous,EN,A39XF45WLMIGX2,,,,,,,,,0,0,55.296,0,Stay away,42.599,55.511,56.352,2,Touch it,7.908,17.348,18.341,3,Truck,4.467,4.467,5.908,1,Truck,9.668,11.779,13.146,3,Daxy,4.22,5.196,6.036,2,Zupy,4.194,15.391,16.364,4,Yes,Stay,,,Three,894715,NoCue,ProhAway|NonexiTruck|ProhTouch|DenialDaxy|NonexiBucket|DenialZupy,Sha|Bei
2019-05-31 22:20:27,2019-05-31 22:23:05,IP Address,142.129.18.134,100,158,True,2019-05-31 22:23:05,R_ykZHnwqmgTYfvTH,,,,,34.096405029296875,-117.96820068359375,anonymous,EN,A2SWQM5X54P1O5,,,,,,,,,0,0,38.565,0,Stay away,8.435,10.811,11.506,2,Touch it,5.518,5.518,6.209,1,Truck,4.369,4.369,5.368,1,Bucket,4.219,4.555,5.067,2,Zupy,6.841,11.008,11.696,2,Zupy,5.004,5.004,5.773,1,I think it means to stay away or no,I think it means touch it or yes,how people learn languages through instruction,none,Three,836602,NoCue,DenialZupy|ProhTouch|ProhAway|DenialDaxy|NonexiTruck|NonexiBucket,Sha|Bei
2019-05-31 22:19:17,2019-05-31 22:23:38,IP Address,103.228.155.61,100,260,True,2019-05-31 22:23:38,R_1NfdejrXqyb1Pyp,,,,,18.97210693359375,72.8246002197265625,anonymous,EN,A2MCU4NL6QL887,,,,,,,,,0,0,43.9,0,Touch it,1.403,1.403,2.131,1,Touch it,1.085,1.085,1.873,1,Truck,12.521,12.521,13.449,1,Bucket,1.437,1.805,2.599,2,Zupy,5.838,50.341,51.275,4,Daxy,4.755,8.195,9.017,2,Truck,Bucket,Decision Making.,Interesting.,Three,470169,NoCue,DenialZupy|DenialDaxy|NonexiBucket|ProhAway|NonexiTruck|ProhTouch,Bei|Sha
2019-05-31 22:18:44,2019-05-31 22:23:42,IP Address,73.169.159.58,100,297,True,2019-05-31 22:23:42,R_2QsMBFfvWILgjQg,,,,,47.7344970703125,-117.44699859619140625,anonymous,EN,A37EV8RZ82WT8E,,,,,0,0,117.395,0,,,,,Stay away,2.876,7.646,8.667,2,Touch it,3.153,5.678,6.294,3,Bucket,3.774,5.398,6.114,3,Truck,3.137,3.137,4.013,1,Zupy,5.777,7.1,8.487,2,Daxy,12.748,37.684,38.623,2,Yes,No,Learning new languages through inference.,None,Three,958113,Incong,DenialDaxy|NonexiBucket|DenialZupy|ProhAway|NonexiTruck|ProhTouch,Bei|Sha
2019-05-31 22:19:12,2019-05-31 22:23:55,IP Address,98.4.23.223,100,282,True,2019-05-31 22:23:56,R_2QDL8wKcUozvN49,,,,,42.5630035400390625,-78.41339874267578125,anonymous,EN,A2P9G3LRKFQ63R,0,0,51.974,0,,,,,,,,,Stay away,4.907,6.484,7.539,2,Touch it,5.001,9.67,10.59,2,Bucket,3.059,9.123,11.307,2,Truck,8.791,16.718,19.518,2,Zupy,4.782,5.838,6.727,2,Daxy,12.096,12.096,16.344,1,yes,no,I have no idea. If I  had to guess to see if we can figure out made up words? I don't know.,It was interesting. Thanks for the survey :),Three,873362,Cong,NonexiTruck|DenialDaxy|ProhAway|ProhTouch|DenialZupy|NonexiBucket,Sha|Bei
2019-05-31 22:21:54,2019-05-31 22:24:09,IP Address,76.18.138.14,100,135,True,2019-05-31 22:24:10,R_8Cam8gDO7SIa1J7,,,,,36.3065948486328125,-86.61009979248046875,anonymous,EN,A2YRYS17DU3A8R,0,0,42.836,0,,,,,,,,,Touch it,0.83,3.433,4.045,2,Touch it,2.851,2.851,3.554,1,Truck,1.843,1.843,2.584,1,Bucket,1.753,1.753,2.353,1,Zupy,3.122,3.122,3.948,1,Zupy,2.489,2.489,3.267,1,yes,no,language,no,Three,439596,Cong,DenialZupy|ProhTouch|NonexiTruck|NonexiBucket|ProhAway|DenialDaxy,Sha|Bei
2019-05-31 22:18:36,2019-05-31 22:24:14,IP Address,67.181.122.161,100,338,True,2019-05-31 22:24:14,R_2AKE6qIBMNTtDvV,,,,,39.1060943603515625,-121.61589813232421875,anonymous,EN,A2WY6HLF2YLSOF,,,,,0,0,38.196,0,,,,,Stay away,2.83,6.964,7.813,2,Stay away,3.116,4.421,5.482,2,Bucket,14.917,17.003,24.687,2,Truck,3.148,4.394,5.048,4,Zupy,4.51,7.337,8.923,2,Daxy,2.801,7.049,9.914,3,No,Yes,Learning an unknown language,,Three,213967,Incong,NonexiBucket|DenialZupy|NonexiTruck|ProhAway|DenialDaxy|ProhTouch,Sha|Bei
2019-05-31 22:19:24,2019-05-31 22:24:16,IP Address,23.120.253.247,100,291,True,2019-05-31 22:24:16,R_1CI8TK9prJJH9ii,,,,,37.704498291015625,-122.0742034912109375,anonymous,EN,ADTNOFJHTTB1L,,,,,1.967,1.967,46.008,1,,,,,Stay away,4.713,6.425,8.161,2,Touch it,8.32,9.477,10.841,2,Bucket,4.439,7.336,8.47,3,Truck,6.705,14.388,16.093,4,Zupy,8.778,15.7,16.95,3,Daxy,1.306,11.225,12.767,5,Yes,No,I think it is just about how well people are able to follow and understand what a video is trying to let them know.,"I really enjoyed taking this survey.
",Three,2444,Incong,NonexiTruck|DenialZupy|ProhTouch|ProhAway|DenialDaxy|NonexiBucket,Bei|Sha
2019-05-31 22:20:40,2019-05-31 22:24:23,IP Address,66.41.20.234,100,223,True,2019-05-31 22:24:24,R_2bIh3ob7pv1hznA,,,,,44.83489990234375,-93.281402587890625,anonymous,EN,A3TWYQENN82FJI,,,,,,,,,0,0,39.683,0,Stay away,12.677,13.844,15.078,2,Stay away,0.482,16.017,16.808,6,Truck,3.202,4.754,5.737,2,Bucket,3.077,5.92,7.74,2,Daxy,7.1,7.1,8.027,1,Daxy,11.635,14.857,16.49,2,no,yes,People learning new languages via context clues.,"The play button wasn't obvious and I missed it on the first trial or two (you have to click the three dot symbol on the little icon that comes up, then choose play from a menu).  I thought I was looking at a symbol, rather than something where I should hit play to hear a word.  ",Three,715460,NoCue,ProhAway|DenialDaxy|ProhTouch|DenialZupy|NonexiTruck|NonexiBucket,Sha|Bei
2019-05-31 22:20:32,2019-05-31 22:24:30,IP Address,76.121.101.46,100,238,True,2019-05-31 22:24:31,R_3HOBPt6I8LhMH6B,,,,,47.7467041015625,-122.36859893798828125,anonymous,EN,A3RV31I54GQC5F,,,,,,,,,0,0,39.751,0,Stay away,8.481,8.481,10.219,1,Touch it,15.901,15.901,16.996,1,Truck,24.676,24.676,26.427,1,Bucket,4.119,4.119,4.741,1,Zupy,7.764,7.764,8.657,1,Zupy,25.709,25.709,26.468,1,No,Yes,"Whether kids and parents can understand each other through objects despite a language barrier. ",,Three,221091,NoCue,NonexiBucket|DenialDaxy|ProhTouch|DenialZupy|ProhAway|NonexiTruck,Bei|Sha
2019-05-31 22:21:00,2019-05-31 22:24:37,IP Address,71.70.195.69,100,216,True,2019-05-31 22:24:37,R_2OHMGeuSrrKzk2G,,,,,35.9824981689453125,-78.53759765625,anonymous,EN,AYHZO44JGKIM0,7.616,17.844,36.45,7,,,,,,,,,Stay away,4.494,4.494,5.6,1,Touch it,14.813,23.594,24.461,3,Bucket,5.711,5.78,6.923,2,Truck,3.47,4.934,6.029,3,Zupy,5.436,5.436,6.382,1,Daxy,11.562,35.762,36.783,5,yes,no,"This study was a little confusing at first but then once you catch on,very easy to complete",no,Three,759016,Cong,ProhTouch|DenialDaxy|ProhAway|DenialZupy|NonexiBucket|NonexiTruck,Bei|Sha
2019-05-31 22:21:52,2019-05-31 22:25:00,IP Address,45.51.231.138,100,188,True,2019-05-31 22:25:00,R_yUtGByZAxfbPtHb,,,,,33.8838043212890625,-118.1260986328125,anonymous,EN,A2W121DQXNQK1,0,0,43.122,0,,,,,,,,,Stay away,9.333,9.333,10.951,1,Touch it,6.003,6.003,7.888,1,Bucket,6.244,7.167,7.555,2,Truck,2.211,3.365,3.586,2,Zupy,1.757,1.757,2.69,1,Daxy,10.33,11.025,11.957,3,Yes,No,How people learn or identify the meanings of other foreign languages by observation or seeing the words or sentences in context.,Nothing to report.,Three,961010,Cong,ProhTouch|NonexiBucket|ProhAway|NonexiTruck|DenialDaxy|DenialZupy,Bei|Sha
2019-05-31 22:22:51,2019-05-31 22:25:28,IP Address,196.17.64.116,100,156,True,2019-05-31 22:25:28,R_2w1uev9H2C6YE1S,,,,,34.0543975830078125,-118.2440032958984375,anonymous,EN,AII8N3ROG996R,,,,,0,0,38.219,0,,,,,Stay away,3.055,3.055,12.451,1,Stay away,3.928,3.928,4.703,1,Truck,3.155,3.155,4.083,1,Bucket,4.448,4.448,5.098,1,Zupy,3.706,3.706,4.635,1,Zupy,5.476,5.476,6.645,1,bucket,truck,good,i like this study,Three,347609,Incong,ProhAway|NonexiTruck|ProhTouch|DenialZupy|NonexiBucket|DenialDaxy,Bei|Sha
2019-05-31 22:21:41,2019-05-31 22:25:36,IP Address,24.32.214.103,100,235,True,2019-05-31 22:25:37,R_5gLZH0D5RpRzZU5,,,,,30.001007080078125,-91.81999969482421875,anonymous,EN,A29CR7XAVHZI5E,,,,,0,0,85.784,0,,,,,Stay away,3.563,3.563,4.747,1,Touch it,6.848,6.848,7.936,1,Bucket,3.844,6.876,7.772,2,Truck,6.063,6.063,7.336,1,Zupy,15.301,23.685,25.076,2,Daxy,3.675,9.915,10.707,2,yes,no,figuring things out?,,Three,337514,Incong,DenialZupy|ProhTouch|NonexiTruck|ProhAway|NonexiBucket|DenialDaxy,Sha|Bei
2019-05-31 22:21:14,2019-05-31 22:25:44,IP Address,196.17.64.248,100,270,True,2019-05-31 22:25:45,R_2V8AOAPizQo82cO,,,,,34.0543975830078125,-118.2440032958984375,anonymous,EN,AZ7X86EJZ7UPW,0,0,45.402,0,,,,,,,,,Stay away,7.854,15.758,16.766,2,Stay away,8.671,10.775,13.714,2,Truck,2.958,4.358,5.023,2,Truck,1.338,1.338,2.081,1,Zupy,2.258,2.258,3.051,1,Daxy,13.035,36.05,40.539,6,"Cajun and Creole slang, derived from the French ""cher""","Cool guy who can play with a girls heart. If you are called Beis, everyone appreciates you. Although your enemy will be named Ryan, he does not like you. Plus you are very Rich.",Super,Good,Three,891541,Cong,DenialDaxy|ProhAway|NonexiBucket|DenialZupy|NonexiTruck|ProhTouch,Sha|Bei
2019-05-31 22:21:30,2019-05-31 22:25:52,IP Address,75.88.59.173,100,262,True,2019-05-31 22:25:53,R_1I7bmiTEbmXQv5G,,,,,41.3721923828125,-82.10870361328125,anonymous,EN,A5O3S8SFQ0QLA,,,,,,,,,0,0,43.101,0,Stay away,8.432,9.55,11.695,3,Touch it,14.672,18.308,18.825,4,Bucket,49.624,51.15,51.498,4,Truck,2.819,6.937,7.845,5,Zupy,4.782,7.904,8.434,3,Daxy,11.257,12.858,14.152,4,Yes,No,"using context clues to solve problems ",,Three,829086,NoCue,DenialDaxy|DenialZupy|ProhAway|ProhTouch|NonexiBucket|NonexiTruck,Bei|Sha
2019-05-31 22:22:50,2019-05-31 22:25:57,IP Address,45.25.24.134,100,187,True,2019-05-31 22:25:57,R_2xXob7eNJttQ56k,,,,,29.55419921875,-95.7324981689453125,anonymous,EN,AT5FSN3F67A6F,,,,,,,,,0,0,39.346,0,Stay away,5.401,10.761,12.17,5,Touch it,1.365,6.747,7.715,5,Bucket,1.011,3.799,4.841,3,Truck,1.324,7.299,8.551,4,Zupy,1.366,3.774,4.817,3,Daxy,1.292,5.759,6.86,3,yes,no,I actually really enjoyed it! It was different than anything else I have ever done.,none.,Three,812,NoCue,ProhAway|NonexiTruck|DenialDaxy|ProhTouch|DenialZupy|NonexiBucket,Bei|Sha
2019-05-31 22:19:16,2019-05-31 22:26:07,IP Address,67.212.175.123,100,410,True,2019-05-31 22:26:07,R_sUm6vJ5r6Tx4qZz,,,,,41.8777008056640625,-87.637603759765625,anonymous,EN,AAGM1NIJCMFSS,,,,,,,,,0,0,44.171,0,Stay away,31.495,31.495,36.449,1,Touch it,8.837,8.837,10.573,1,Bucket,21.629,56.932,59.294,9,Truck,8.361,8.361,10.21,1,Zupy,10.598,10.598,12.278,1,Daxy,7.388,7.388,29.556,1,yes,no,"Its very interesting, and learn some language new.",nothing,Three,578788,NoCue,NonexiBucket|NonexiTruck|DenialZupy|ProhAway|ProhTouch|DenialDaxy,Bei|Sha
2019-05-31 22:22:58,2019-05-31 22:26:08,IP Address,24.7.156.72,100,189,True,2019-05-31 22:26:08,R_3Mojs3RNsdLvbTz,,,,,38.4272003173828125,-121.4420013427734375,anonymous,EN,A1O96O2536W1TY,0,0,36.002,0,,,,,,,,,Stay away,7.303,8.907,10.09,5,Touch it,7.215,7.292,9.109,2,Bucket,7.083,7.083,8.495,1,Truck,4.545,5.475,6.689,4,Zupy,9.766,9.766,11.174,1,Daxy,3.19,3.582,4.894,3,yes,no,learning foreign languages using context clues.,"No, it was very straightforward and simple.",Three,201140,Cong,ProhTouch|NonexiBucket|NonexiTruck|DenialZupy|DenialDaxy|ProhAway,Sha|Bei
2019-05-31 22:21:14,2019-05-31 22:26:15,IP Address,68.97.249.242,100,300,True,2019-05-31 22:26:16,R_12eWgmlVoAwZ5ia,,,,,35.5189056396484375,-97.535400390625,anonymous,EN,A27D010QJJWA4B,,,,,41.416,41.416,42.947,1,,,,,Stay away,6.387,14.888,16.244,4,Touch it,6.375,13.257,14.5,3,Truck,2.68,21.685,23.09,6,Bucket,2.35,12.275,13.654,3,Zupy,6.58,41.995,43.858,3,Daxy,2.97,13.975,17.047,3,Yes,No,Cognitive development of children,,Three,951272,Incong,DenialZupy|DenialDaxy|NonexiBucket|ProhTouch|NonexiTruck|ProhAway,Bei|Sha
2019-05-31 22:19:58,2019-05-31 22:26:21,IP Address,174.28.26.68,100,383,True,2019-05-31 22:26:22,R_PvADjXSZ4HICWfD,,,,,35.0447998046875,-106.689300537109375,anonymous,EN,AL7L4BS9AW3TI,,,,,0,0,45.426,0,,,,,Touch it,9.374,14.602,16.707,2,Stay away,13.144,13.144,15.028,1,Truck,12.772,12.772,15.905,1,Bucket,10.641,16.039,17.898,2,Daxy,27.072,27.072,32.519,1,Zupy,11.621,13.304,16.88,2,no,yes,understanding language through vocal inflection?,no,Three,789286,Incong,DenialZupy|NonexiTruck|ProhTouch|NonexiBucket|DenialDaxy|ProhAway,Bei|Sha
2019-05-31 22:19:50,2019-05-31 22:26:33,IP Address,76.173.236.152,100,402,True,2019-05-31 22:26:33,R_1KxbXPSvfN7kOTk,,,,,21.3571014404296875,-157.9257965087890625,anonymous,EN,AN7N56XWXCX45,0,0,40.515,0,,,,,,,,,Stay away,5.267,30.485,31.848,3,Touch it,6.533,11.19,12.82,2,Bucket,11.729,18.838,27.981,2,Truck,5.04,5.04,8.251,1,Zupy,5.072,16.91,18.343,2,Daxy,4.647,10.773,12.141,2,"Yes, it's okay.","No, it's not okay.",Understanding and recognizing yes and no in foreign languages.,No.,Three,772863,Cong,NonexiBucket|NonexiTruck|DenialZupy|ProhTouch|DenialDaxy|ProhAway,Sha|Bei
2019-05-31 22:21:31,2019-05-31 22:27:13,IP Address,196.17.249.86,100,342,True,2019-05-31 22:27:14,R_3MSUgNaf8hBhgLa,,,,,39.099700927734375,-94.5785980224609375,anonymous,EN,A147B5FTAKXVPS,,,,,,,,,0,0,53.656,0,Touch it,3.938,5.138,5.994,2,Touch it,7.013,8.429,9.236,3,Truck,7.949,10.428,11.468,2,Bucket,4.778,4.778,6.122,1,Zupy,8.011,8.721,9.74,2,Daxy,5.308,5.308,5.927,1,Come here,Good babz,Good,Better,Three,556899,NoCue,NonexiBucket|DenialZupy|DenialDaxy|ProhTouch|NonexiTruck|ProhAway,Bei|Sha
2019-05-31 22:24:55,2019-05-31 22:28:23,IP Address,68.14.164.53,100,208,True,2019-05-31 22:28:23,R_2tyWIXBcFZE9fqO,,,,,36.1461944580078125,-95.90850067138671875,anonymous,EN,A2X19XNQ3SGYW7,0,0,39.068,0,,,,,,,,,Stay away,3.31,8.662,12.343,2,Touch it,4.241,4.241,6.297,1,Bucket,5.181,6.173,12.974,2,Truck,4.136,4.136,5.697,1,Zupy,3.592,4.24,7.208,2,Daxy,11.91,15.334,20.471,4,yes,no,Analyzing patterns and recognizing correlations,"Interesting study, I wonder if anyone can't figure it out.",Three,869257,Cong,DenialDaxy|NonexiBucket|ProhTouch|ProhAway|NonexiTruck|DenialZupy,Sha|Bei
2019-05-31 22:24:31,2019-05-31 22:28:24,IP Address,47.149.19.117,100,232,True,2019-05-31 22:28:24,R_3JJBgV5MOc2iLe3,,,,,34.042999267578125,-117.7555999755859375,anonymous,EN,A1OC9TAY4UAPW0,,,,,0,0,38.632,0,,,,,Touch it,1.172,3.132,4.056,2,Stay away,6.078,9.07,9.856,2,Truck,0.413,2.198,3.216,2,Bucket,1.115,3.027,3.932,2,Daxy,4.28,6.544,7.465,2,Zupy,0.553,2.762,4.179,2,no or negative,yes or positive,"learning a language that's completely strange ",n/a,Three,339052,Incong,ProhTouch|ProhAway|DenialZupy|NonexiTruck|NonexiBucket|DenialDaxy,Sha|Bei
2019-05-31 22:21:35,2019-05-31 22:28:28,IP Address,68.224.72.180,100,413,True,2019-05-31 22:28:28,R_3HHr1vwwIDpbcr4,,,,,36.12359619140625,-115.27570343017578125,anonymous,EN,AUWQS0XX4SXCN,,,,,,,,,0,0,161.87,0,Stay away,6.654,16.976,18.794,2,Touch it,5.354,8.832,9.9,2,Bucket,8.607,8.607,11.082,1,Truck,3.383,8.534,10.152,3,Zupy,18.335,23.667,36.397,2,Daxy,4.293,5.837,6.831,2,Yes,No,How others perceive a foreign language that they cannot speak for yes and no.,This survey is interesting and fun. I like it.,Three,681998,NoCue,DenialZupy|NonexiBucket|ProhAway|NonexiTruck|ProhTouch|DenialDaxy,Sha|Bei
2019-05-31 22:25:36,2019-05-31 22:28:36,IP Address,184.60.213.251,100,180,True,2019-05-31 22:28:36,R_1FqyRdQ0L0k9lts,,,,,30.730499267578125,-81.54650115966796875,anonymous,EN,A2Q1JUSJ9THUDZ,0,0,46.21,0,,,,,,,,,Stay away,4.572,5.291,6.292,2,Touch it,6.127,6.127,7.135,1,Bucket,4.043,5.547,6.257,2,Truck,1.585,4.676,6.027,2,Zupy,18.864,18.864,20.496,1,Daxy,7.284,7.284,8.299,1,yes,no,I honestly could not tell you because I dont know.,no,Three,735713,Cong,DenialZupy|DenialDaxy|ProhTouch|NonexiBucket|NonexiTruck|ProhAway,Sha|Bei
2019-05-31 22:25:01,2019-05-31 22:28:49,IP Address,24.115.129.198,100,227,True,2019-05-31 22:28:49,R_2AXuO3ZJ6UGT7ps,,,,,40.985992431640625,-75.24359893798828125,anonymous,EN,A3CND1IYEKYI3D,,,,,,,,,0,0,48.453,0,Touch it,1.204,9.529,11.21,2,Touch it,7.129,7.129,8.828,1,Bucket,4.448,4.448,7.344,1,Truck,6.561,8.196,9.341,2,Zupy,18.421,20.235,20.706,2,Daxy,3.801,4.897,6.407,2,YES,NO,Connection of visual learning,Video was not well made,Three,236276,NoCue,DenialZupy|DenialDaxy|NonexiBucket|ProhAway|NonexiTruck|ProhTouch,Bei|Sha
2019-05-31 22:26:12,2019-05-31 22:28:51,IP Address,97.126.108.170,100,158,True,2019-05-31 22:28:51,R_2w7Cl5Tl2xDeQnm,,,,,48.7494049072265625,-122.48960113525390625,anonymous,EN,A1JR1MJO1PQUYG,,,,,0,0,41.089,0,,,,,Stay away,3.414,8.762,10.15,4,Touch it,1.001,4.397,5.559,3,Bucket,2.462,3.397,4.438,2,Truck,2.113,2.113,2.884,1,Zupy,9.19,15.43,16.196,2,Daxy,2.565,3.315,4.4,2,Yes,No,Learning language from context.,,Three,58133,Incong,DenialZupy|DenialDaxy|ProhAway|ProhTouch|NonexiBucket|NonexiTruck,Sha|Bei
2019-05-31 22:25:45,2019-05-31 22:28:55,IP Address,64.134.232.5,100,189,True,2019-05-31 22:28:56,R_2SjgrJEdydcfM88,,,,,33.6262054443359375,-112.0074005126953125,anonymous,EN,A1O0BGHFTMPQM0,,,,,,,,,0,0,43.797,0,Stay away,9.849,12.148,14.757,3,Touch it,7.467,7.467,9.202,1,Bucket,2.445,3.642,5.022,2,Truck,3.097,3.097,4.816,1,Zupy,4.733,4.733,8.855,1,Daxy,4.063,4.063,5.491,1,yes,no,learning new languages with visuals,no,Three,354250,NoCue,ProhTouch|DenialZupy|DenialDaxy|NonexiTruck|NonexiBucket|ProhAway,Sha|Bei
2019-05-31 22:21:11,2019-05-31 22:29:25,IP Address,108.195.108.172,100,494,True,2019-05-31 22:29:25,R_1BRQLPXcfOFn7Wy,,,,,32.8571014404296875,-116.919097900390625,anonymous,EN,A1WTGB90S9KIRW,,,,,0,0,41.083,0,,,,,Touch it,9.641,24.25,27.54,2,Touch it,12.614,12.614,20.552,1,Truck,11.688,11.688,15.301,1,Truck,51.548,51.548,54.606,1,Daxy,9.995,14.76,17.6,2,Zupy,12.368,12.368,14.731,1,No,Yes,It was a fun and interesting study.,,Three,647146,Incong,NonexiTruck|DenialZupy|ProhAway|ProhTouch|NonexiBucket|DenialDaxy,Sha|Bei
2019-05-31 22:24:05,2019-05-31 22:29:26,IP Address,184.153.218.89,100,321,True,2019-05-31 22:29:27,R_1LGL4yb4HuLQYcf,,,,,43.9770965576171875,-75.9093017578125,anonymous,EN,A2SYUDVK5Y3CQ,,,,,0,0,47.806,0,,,,,Touch it,4.901,4.901,6.018,1,Stay away,9.303,24.456,25.167,2,Truck,6.413,6.413,10.214,1,Bucket,3.139,9.527,14.375,4,Daxy,5.544,5.544,10.783,1,Zupy,7.431,9.872,11.5,2,No,Yes,"Our interpretation of foreign language, facial expression, and tonal expression.","This was very well set up, I had no technical difficulties.",Three,549399,Incong,ProhTouch|DenialDaxy|NonexiBucket|DenialZupy|ProhAway|NonexiTruck,Bei|Sha
2019-05-31 22:26:32,2019-05-31 22:29:51,IP Address,66.68.152.58,100,198,True,2019-05-31 22:29:51,R_6L6TTbHhXi7OSYx,,,,,30.0265045166015625,-98.11229705810546875,anonymous,EN,A3TY6AZHFWTKN0,0,0,37.486,0,,,,,,,,,Stay away,8.674,8.674,9.915,1,Touch it,5.418,5.418,7.939,1,Bucket,6.593,6.593,8.755,1,Truck,6.422,6.422,8.602,1,Zupy,8.577,8.577,10.966,1,Daxy,9.327,9.587,10.783,2,Yes,No,Whether people can interpret the meaning of a word in another language based on context.,"No, but it was fun.",Three,720445,Cong,ProhAway|DenialZupy|NonexiTruck|DenialDaxy|NonexiBucket|ProhTouch,Bei|Sha
2019-05-31 22:22:30,2019-05-31 22:29:53,IP Address,196.17.66.249,100,443,True,2019-05-31 22:29:53,R_2EmLrezrMeL589T,,,,,34.0543975830078125,-118.2440032958984375,anonymous,EN,A3T6H1LWWUWL7R,,,,,,,,,0,0,75.298,0,Touch it,3.568,3.568,11.191,1,Touch it,2.288,2.288,3.306,1,Truck,4.899,4.899,6.881,1,Bucket,1.513,1.513,2.441,1,Daxy,13.114,13.114,14.072,1,Daxy,4.136,5.352,6.876,2,Secure Hash Algorithm,Behavioral Event Interview,this study is learning study,very nice,Three,628021,NoCue,DenialZupy|ProhAway|DenialDaxy|ProhTouch|NonexiTruck|NonexiBucket,Bei|Sha
2019-05-31 22:26:13,2019-05-31 22:30:16,IP Address,71.218.68.160,100,242,True,2019-05-31 22:30:16,R_2fcvuntb3hq2wOB,,,,,39.738800048828125,-104.9868011474609375,anonymous,EN,A3GSHGM25AGCHY,,,,,,,,,0,0,66.792,0,Stay away,11.304,11.304,12.506,1,Touch it,4.716,5.896,7.279,2,Bucket,1.186,8.252,9.131,4,Truck,20.164,23.14,27.018,2,Zupy,7.257,10.355,11.239,3,Daxy,0.478,4.184,6.852,3,yes,no,Understanding different languages based on context,,Three,791677,NoCue,NonexiTruck|ProhAway|NonexiBucket|DenialZupy|ProhTouch|DenialDaxy,Bei|Sha
2019-05-31 22:27:01,2019-05-31 22:30:20,IP Address,72.178.2.198,100,199,True,2019-05-31 22:30:21,R_bI0EQvp8BPUrJWp,,,,,31.837799072265625,-106.53800201416015625,anonymous,EN,A1X0IC6CG46MYX,,,,,8.618,8.618,40.008,1,,,,,Stay away,3.712,7,8.295,2,Stay away,7.818,7.818,8.889,1,Bucket,3.684,3.684,4.3,1,Truck,6.721,6.721,7.753,1,Daxy,3.49,5.08,5.911,2,Zupy,13.33,20.386,21.482,2,Yes,Take away,Different language communication,NA,Three,872811,Incong,DenialDaxy|DenialZupy|ProhTouch|NonexiTruck|ProhAway|NonexiBucket,Bei|Sha
2019-05-31 22:24:13,2019-05-31 22:30:27,IP Address,108.250.13.229,100,373,True,2019-05-31 22:30:27,R_3m3qERxsSaDeDiM,,,,,29.700897216796875,-95.5885009765625,anonymous,EN,A15R30WNGKL1KW,42.933,42.933,44.475,1,,,,,,,,,Stay away,6.563,8.77,10.298,2,Touch it,15.58,19.099,20.53,3,Bucket,8.846,11.066,12.2,3,Truck,8.158,10.921,12.336,4,Zupy,39.223,60.592,61.719,6,Daxy,9.068,12.234,13.544,2,yes,no,"Learning another language basic on body language and tone of voice. ",N/A,Three,372793,Cong,DenialZupy|ProhTouch|DenialDaxy|NonexiTruck|NonexiBucket|ProhAway,Bei|Sha
2019-05-31 22:26:19,2019-05-31 22:30:41,IP Address,136.24.162.196,100,262,True,2019-05-31 22:30:41,R_BPr4L9WDPyigdr3,,,,,37.769500732421875,-122.3849945068359375,anonymous,EN,A1Z9OQ4ULMNKL7,,,,,3.289,3.289,45.798,1,,,,,Stay away,5.07,11.325,14.137,2,Stay away,3.065,11.193,23.831,3,Truck,2.367,3.876,5.954,2,Bucket,3.337,8.481,9.428,2,Zupy,6.756,28.484,29.514,4,Zupy,2.768,8.961,9.647,5,yes,no,"The understanding of language by its essence, and not necessarily by understanding what was literally said.",,Three,919784,Incong,DenialZupy|ProhAway|ProhTouch|NonexiTruck|DenialDaxy|NonexiBucket,Sha|Bei
2019-05-31 22:26:19,2019-05-31 22:31:15,IP Address,71.38.97.233,100,295,True,2019-05-31 22:31:15,R_wZ4go3PJdWxYmGJ,,,,,36.20379638671875,-115.22550201416015625,anonymous,EN,A2QKAA5YS0P4CI,,,,,24.001,24.001,42.293,1,,,,,Touch it,24.173,43.005,44.051,5,Touch it,6.482,7.777,8.163,2,Bucket,8.069,8.069,8.886,1,Truck,9.183,14.711,15.867,3,Daxy,9.142,12.974,13.855,2,Daxy,3.31,8.216,8.924,2,yes,no,My attitudes and perceptions of learning,"fun study, thank you",Three,155394,Incong,ProhAway|DenialZupy|NonexiTruck|NonexiBucket|DenialDaxy|ProhTouch,Bei|Sha
2019-05-31 22:24:58,2019-05-31 22:31:47,IP Address,196.17.67.211,100,409,True,2019-05-31 22:31:48,R_1l03HNXr1yA6MQK,,,,,34.0543975830078125,-118.2440032958984375,anonymous,EN,A331532QLDKV0X,,,,,,,,,0,0,62.488,0,Touch it,10.937,13.175,13.658,2,Touch it,3.652,11.5,12.648,3,Bucket,1.934,2.599,8.184,2,Bucket,7.063,7.063,9.057,1,Zupy,2.956,5.076,7.175,2,Daxy,24.635,28.89,35.547,3,Secure Hash Algorithm,Behavioral Event Interview,watch some interesting videos about two people,very nice,Three,424428,NoCue,DenialDaxy|NonexiBucket|ProhTouch|ProhAway|NonexiTruck|DenialZupy,Sha|Bei
2019-05-31 22:27:37,2019-05-31 22:31:48,IP Address,174.50.61.120,100,250,True,2019-05-31 22:31:48,R_3Jzw8QQ8SCrVz03,,,,,32.5316925048828125,-92.1768035888671875,anonymous,EN,A319K0FNHMV2PA,,,,,0,0,41.759,0,,,,,Stay away,2.646,14.472,14.514,6,Touch it,3.379,19.707,20.209,5,Bucket,4.117,26.419,27.05,9,Truck,5.086,8.101,9.727,4,Zupy,3.625,5.881,5.926,3,Daxy,2.084,16.39,19.613,8,Yes,No,Determining meaning from voice inflection.,Wow! This was fascinating!,Three,931255,Incong,NonexiBucket|ProhAway|NonexiTruck|DenialDaxy|DenialZupy|ProhTouch,Sha|Bei
2019-05-31 22:24:03,2019-05-31 22:32:00,IP Address,173.174.1.72,100,476,True,2019-05-31 22:32:00,R_2oxSkhWl77sGDAZ,,,,,30.04510498046875,-99.14170074462890625,anonymous,EN,A3DFBZOOWRTQ5M,,,,,,,,,0,0,66.796,0,Stay away,12.206,46.122,47.073,4,Stay away,11.354,11.749,12.533,2,Bucket,9.516,12.398,14.672,2,Bucket,20.005,22.681,24.08,2,Daxy,5.484,5.484,6.514,1,Zupy,21.284,21.284,22.167,1,yes,sure,figuring out different languages,,Three,635674,NoCue,ProhAway|DenialDaxy|NonexiTruck|NonexiBucket|DenialZupy|ProhTouch,Sha|Bei
2019-05-31 22:24:48,2019-05-31 22:35:35,IP Address,75.142.210.15,100,646,True,2019-05-31 22:35:35,R_vB5uWz1kKwPa5sB,,,,,34.4178924560546875,-117.306396484375,anonymous,EN,AJ86CAZX0QCE9,0,0,40.188,0,,,,,,,,,Stay away,26.117,68.685,77.804,2,Touch it,4.305,5.785,7.679,2,Bucket,4.687,11.431,12.972,4,Truck,4.101,5.605,7.308,2,Zupy,10.725,12.781,16.7,2,Daxy,6.254,7.941,9.82,2,yes,no,language learning,no,Three,64929,Cong,ProhAway|DenialZupy|DenialDaxy|NonexiBucket|ProhTouch|NonexiTruck,Bei|Sha
2019-05-31 22:20:42,2019-05-31 22:37:32,IP Address,120.29.118.116,100,1009,True,2019-05-31 22:37:32,R_1pATsJv2QPerKwv,,,,,14.4506072998046875,120.9827880859375,anonymous,EN,A3EF8GZ0SK81BS,,,,,,,,,0,0,97.381,0,Stay away,14.316,14.316,15.185,1,Touch it,37.623,50.847,51.927,3,Bucket,7.133,8.183,8.817,2,Truck,11.024,22.56,24.196,3,Zupy,5.925,10.424,11.477,4,Daxy,9.553,10.159,11.003,2,yes,no,learning through observation and consistency,,Three,719789,NoCue,NonexiTruck|ProhTouch|DenialZupy|NonexiBucket|ProhAway|DenialDaxy,Sha|Bei
2019-05-31 22:31:21,2019-05-31 22:37:49,IP Address,196.17.67.102,100,387,True,2019-05-31 22:37:49,R_1i867IsN9Zroh9N,,,,,34.0543975830078125,-118.2440032958984375,anonymous,EN,A3VY0Z733SK41Y,2.307,2.307,47.095,1,,,,,,,,,Stay away,2.505,10.466,12.139,5,Touch it,4.66,5.885,7.08,2,Bucket,7.33,22.427,23.029,3,Bucket,17.419,39.836,40.823,7,Daxy,15.665,20.945,23.428,3,Zupy,10.282,12.45,13.118,2,Secure Hash Algorithm,Behavioral Event Interview,about videos,very interesting study.,Three,272394,Cong,DenialZupy|NonexiBucket|DenialDaxy|ProhAway|NonexiTruck|ProhTouch,Bei|Sha
2019-05-31 22:32:17,2019-05-31 22:40:04,IP Address,108.250.57.252,100,467,True,2019-05-31 22:40:04,R_3P4ZLlKss1ocJD0,,,,,38.6352996826171875,-121.4557952880859375,anonymous,EN,A167SYXGXFU7C8,,,,,,,,,0,0,53.446,0,Touch it,18.557,21.165,22.444,2,Stay away,10.709,10.709,14.044,1,Truck,15.723,15.723,19.983,1,Bucket,11.571,11.571,12.971,1,Daxy,11.22,14.068,15.812,2,Zupy,31.922,41.538,45.383,2,no,yes,i do not know,Bernie for president!!,Three,457019,NoCue,DenialDaxy|NonexiBucket|ProhAway|ProhTouch|NonexiTruck|DenialZupy,Bei|Sha
2019-05-31 22:40:51,2019-05-31 22:44:09,IP Address,122.45.104.123,100,197,True,2019-05-31 22:44:09,R_vUAH7vbobKlnmCZ,,,,,37.5984954833984375,126.978302001953125,anonymous,EN,A192MH226Q1NT4,,,,,,,,,0,0,46.453,0,Touch it,5.317,15.118,16.22,4,Stay away,6.997,11.285,11.755,3,Bucket,3.71,5.321,5.837,3,Truck,3.098,3.62,5.425,2,Zupy,2.68,7.215,8.407,4,Daxy,9.648,13.23,14.385,2,yes,no,not sure,n/a,Three,496289,NoCue,DenialDaxy|ProhAway|ProhTouch|DenialZupy|NonexiBucket|NonexiTruck,Bei|Sha
2019-05-31 22:37:02,2019-05-31 22:44:18,IP Address,162.219.30.35,100,436,True,2019-05-31 22:44:19,R_3lWg0dAr8jJYcVo,,,,,35.231597900390625,-80.84279632568359375,anonymous,EN,ARYWKHRDCCQUY,0,0,45.385,0,,,,,,,,,Touch it,20.858,25.697,26.142,2,Touch it,16.031,16.031,17.665,1,Truck,12.582,12.582,13.631,1,Bucket,47.588,70.209,72.657,3,Daxy,11.205,11.205,13.085,1,Zupy,24.258,24.258,27.902,1,Allowed,Not allowed,To know people opinions about certain topics,NA,Three,33265,Cong,NonexiTruck|ProhAway|DenialDaxy|DenialZupy|NonexiBucket|ProhTouch,Sha|Bei
2019-05-31 22:26:22,2019-05-31 22:45:59,IP Address,74.81.88.178,100,1176,True,2019-05-31 22:45:59,R_1MY8jDx4uqjF6vq,,,,,30.051605224609375,-95.470703125,anonymous,EN,A12VXVR5FPANU0,0,0,385.961,0,,,,,,,,,Touch it,7.377,13.257,17.46,2,Stay away,10.963,14.114,28.775,2,Bucket,10.578,10.578,18.1,1,Truck,10.941,10.941,13.389,1,Zupy,55.223,55.223,58.176,1,Daxy,11.771,11.771,13.269,1,yes,no,this study is about  Language and Cognition Lab,no,Three,998622,Cong,DenialZupy|DenialDaxy|NonexiBucket|ProhAway|ProhTouch|NonexiTruck,Bei|Sha
2019-05-31 22:38:26,2019-05-31 22:47:21,IP Address,73.0.86.58,100,534,True,2019-05-31 22:47:21,R_3I6nUTtE0oJqHhP,,,,,26.2975006103515625,-80.18160247802734375,anonymous,EN,A2XQ3P6M9NZNYB,0,0,132.159,0,,,,,,,,,Touch it,8.809,17.465,24.683,3,Touch it,51.392,53.796,54.881,2,Truck,16.173,16.173,17.436,1,Bucket,4.446,5.653,6.42,2,Zupy,10.148,10.148,11.104,1,Zupy,11.158,11.158,12.65,1,No,Yes,How people understand language based on it's use and context.,No.,Three,199186,Cong,ProhTouch|NonexiBucket|DenialDaxy|NonexiTruck|ProhAway|DenialZupy,Bei|Sha
2019-05-31 22:28:22,2019-05-31 22:48:03,IP Address,64.145.79.104,100,1180,True,2019-05-31 22:48:03,R_2qr4leBpXc81qyg,,,,,41.74310302734375,-87.80660247802734375,anonymous,EN,A1S8ZZ1ZL9S2UR,,,,,,,,,0,0,53.549,0,Stay away,10.243,20.566,23.342,4,Touch it,17.478,33.361,35.19,3,Truck,7.624,61.152,63.019,7,Truck,363.655,367.869,370.669,5,Zupy,9.826,21.728,24.422,3,Daxy,11.74,16.582,17.903,2,Yes,No,Language,Good Project,Three,441675,NoCue,NonexiBucket|DenialZupy|DenialDaxy|ProhAway|NonexiTruck|ProhTouch,Bei|Sha
2019-05-31 22:46:03,2019-05-31 22:49:04,IP Address,66.74.8.73,100,180,True,2019-05-31 22:49:05,R_31L7AsPiErfs9J9,,,,,33.805999755859375,-116.46240234375,anonymous,EN,A2NGD01946RWYW,,,,,,,,,11.28,33.17,39.545,2,Stay away,5.075,5.497,6.267,2,Touch it,2.573,9.746,12.164,2,Bucket,7.656,9.437,10.147,2,Truck,1.076,3.286,4.51,2,Zupy,2.108,3.958,4.934,2,Daxy,9.205,28.995,29.671,3,Yes,No,If phrases used differently are still easy to memorize.,,Three,358334,NoCue,DenialDaxy|NonexiBucket|NonexiTruck|ProhAway|DenialZupy|ProhTouch,Sha|Bei
2019-05-31 22:46:25,2019-05-31 22:51:59,IP Address,73.53.72.89,100,334,True,2019-05-31 22:51:59,R_3JleY5ibFOzpHbz,,,,,47.74969482421875,-122.2158966064453125,anonymous,EN,AH9Y3W3PJGG32,0,0,51.013,0,,,,,,,,,Stay away,12.751,15.201,17.437,2,Touch it,9.827,12.7,14.842,2,Bucket,13.667,23.493,25.001,4,Truck,9.28,11.701,13.638,2,Zupy,14.002,15.856,18.122,2,Daxy,22.418,24.808,26.944,2,yes,no,learning language by observing,,Three,858198,Cong,DenialDaxy|ProhAway|NonexiBucket|ProhTouch|NonexiTruck|DenialZupy,Sha|Bei
2019-05-31 22:45:04,2019-05-31 22:53:58,IP Address,155.94.243.4,100,534,True,2019-05-31 22:53:59,R_stxiBKCtX2ZYLnz,,,,,32.8137054443359375,-96.87039947509765625,anonymous,EN,A1UPUN6FBQJP8Y,,,,,,,,,0,0,203.442,0,Stay away,1.889,1.889,2.835,1,Touch it,1.213,2.813,3.697,3,Bucket,4.014,4.014,4.701,1,Bucket,4.852,4.852,5.698,1,Zupy,0.894,0.894,1.687,1,Zupy,0,0,0.839,0,should,"Bao Bao ",video to learn,good,Three,371047,NoCue,ProhAway|ProhTouch|DenialDaxy|NonexiBucket|DenialZupy|NonexiTruck,Sha|Bei
2019-05-31 22:51:10,2019-05-31 22:55:14,IP Address,71.93.212.163,100,244,True,2019-05-31 22:55:14,R_2CIyNid7ahje9zP,,,,,34.1230010986328125,-117.8988037109375,anonymous,EN,A2G7DTL156PTKA,,,,,0,0,46.5,0,,,,,Stay away,7.212,13.722,14.576,2,Touch it,3.593,3.593,4.678,1,Bucket,3.755,6.137,7.189,2,Truck,18.922,18.922,20.076,1,Zupy,15.542,19.876,21.878,2,Daxy,3.684,4.698,5.86,2,yes,no,not sure,,Three,693126,Incong,DenialZupy|ProhAway|DenialDaxy|ProhTouch|NonexiBucket|NonexiTruck,Sha|Bei
2019-05-31 22:22:43,2019-05-31 22:57:28,IP Address,68.186.188.176,100,2084,True,2019-05-31 22:57:28,R_1kLWR2qddjHyHEc,,,,,33.6331024169921875,-86.59870147705078125,anonymous,EN,A281ER41EQG6LH,,,,,1216.898,1280.061,1311.922,2,,,,,Touch it,14.82,16.116,18.852,2,Stay away,22.635,23.77,27.383,2,Truck,7.386,12.947,15.556,3,Bucket,7.761,12.024,13.5,2,Daxy,11.719,11.719,20.269,1,Zupy,30.146,90.783,93.507,6,no,yes,to learn new word meanings in another language,no,Three,454274,Incong,DenialDaxy|ProhTouch|DenialZupy|ProhAway|NonexiBucket|NonexiTruck,Bei|Sha
2019-05-31 22:27:22,2019-05-31 23:01:48,IP Address,98.144.170.241,100,2066,True,2019-05-31 23:01:49,R_8H53EEZVhJk8zE5,,,,,42.889495849609375,-87.90740203857421875,anonymous,EN,A1RWXE4FE0N6SS,0,0,38.276,0,,,,,,,,,Stay away,9.664,9.664,10.717,1,Touch it,6.386,6.386,8.783,1,Bucket,5.537,5.537,6.758,1,Truck,14.105,16.626,17.71,2,Zupy,494.793,496.746,497.454,2,Daxy,3.817,7.849,8.646,2,Yes,No,I think it was about how kids understand language.,It was really fun.  Thank you.,Three,233674,Cong,NonexiTruck|ProhAway|ProhTouch|DenialZupy|DenialDaxy|NonexiBucket,Sha|Bei
2019-05-31 23:05:43,2019-05-31 23:08:39,IP Address,68.190.115.101,100,175,True,2019-05-31 23:08:39,R_3hFT1a9IIJKhs7i,,,,,43.0630950927734375,-89.31330108642578125,anonymous,EN,A2RMJNF6IPI42F,,,,,12.401,12.401,40.238,1,,,,,Touch it,4.823,4.823,5.369,1,Stay away,5.607,5.607,6.896,1,Truck,5.166,6.174,6.761,2,Bucket,6.29,6.29,6.719,1,Daxy,4.828,4.828,5.416,1,Zupy,10.837,14.474,15.264,2,no,yes,learning language,,Three,267445,Incong,DenialDaxy|NonexiBucket|ProhTouch|DenialZupy|ProhAway|NonexiTruck,Bei|Sha
2019-05-31 23:05:25,2019-05-31 23:10:02,IP Address,71.196.45.162,100,276,True,2019-05-31 23:10:02,R_2dDTEkPuTydRu3a,,,,,26.016204833984375,-80.19550323486328125,anonymous,EN,ARS0GJESSTVQ,,,,,,,,,4.472,53.453,55.704,3,Stay away,5.349,6.714,7.347,2,Touch it,14.173,35.938,36.833,4,Bucket,5.179,13.436,14.114,6,Truck,3.35,6.06,7.258,4,Zupy,4.815,9.9,11.128,4,Daxy,3.938,9.146,9.739,4,yes,no,"very interesting, it shows you how easily in a sense a language could be learned when you are constantly exposed or when presented in a fun way",no thanks,Three,974204,NoCue,ProhTouch|ProhAway|NonexiBucket|DenialDaxy|NonexiTruck|DenialZupy,Sha|Bei
2019-05-31 23:05:16,2019-05-31 23:10:54,IP Address,104.179.123.68,100,337,True,2019-05-31 23:10:55,R_ZqypNsQjP4GC0St,,,,,34.1562957763671875,-118.08679962158203125,anonymous,EN,A12YWBQMCRLFH,0,0,38.643,0,,,,,,,,,Stay away,28.209,29.791,31.979,2,Touch it,10.962,12.99,22.137,2,Bucket,12.647,15.685,20.329,2,Truck,3.88,19.937,20.769,4,Zupy,14.906,16.69,20.431,2,Daxy,10.274,12.137,13.843,2,Yes,No,Understanding how people perceive language.,No.,Three,520498,Cong,ProhAway|NonexiBucket|DenialZupy|DenialDaxy|NonexiTruck|ProhTouch,Bei|Sha
2019-05-31 23:21:16,2019-05-31 23:25:19,IP Address,198.23.166.196,100,242,True,2019-05-31 23:25:20,R_1f4bM6Zsu7VEHeT,,,,,41.848297119140625,-87.651702880859375,anonymous,EN,A1Y984VBNBN9Z1,0,0,52.252,0,,,,,,,,,Stay away,18.604,18.604,19.791,1,Stay away,3.387,3.387,4.338,1,Bucket,34.534,34.534,35.67,1,Bucket,19.173,19.173,20.154,1,Daxy,12.041,12.041,12.914,1,Daxy,9.073,9.073,10.009,1,,,,,Three,915776,Cong,ProhTouch|DenialZupy|NonexiBucket|ProhAway|NonexiTruck|DenialDaxy,Bei|Sha
2019-05-31 23:29:23,2019-05-31 23:38:29,IP Address,154.79.14.98,100,546,True,2019-05-31 23:38:29,R_3EvbR9eVj2UZoYG,,,,,-1.2841033935546875,36.8155059814453125,anonymous,EN,A1ICWR931J4062,,,,,,,,,33.125,33.125,52.301,1,Touch it,12.881,12.881,14.595,1,Touch it,6.791,6.791,8.638,1,Truck,33.985,34.889,36.37,2,Truck,5.356,5.356,7.565,1,Zupy,51.881,61.385,62.481,2,Daxy,17.369,17.369,18.864,1,Yes,No,How one can learn a different language,"It was very involving than I thought at first. Honestly, I didn't get to know the written signs although I understood the meaning of Sha and Bei.",Three,868743,NoCue,DenialZupy|DenialDaxy|NonexiBucket|ProhAway|NonexiTruck|ProhTouch,Sha|Bei
2019-05-31 23:45:58,2019-05-31 23:48:57,IP Address,107.173.176.197,100,178,True,2019-05-31 23:48:57,R_PSeliFXFJXlakff,,,,,42.8863983154296875,-78.8780975341796875,anonymous,EN,A3W0NE2ZI0ILY,0,0,60.904,0,,,,,,,,,Touch it,17.071,17.071,17.684,1,Stay away,3.201,3.201,3.967,1,Bucket,2.59,2.59,3.242,1,Truck,11.915,11.915,13.049,1,Daxy,5.683,5.683,6.575,1,Daxy,5.285,5.285,6.047,1,,,,,Three,123714,Cong,NonexiTruck|NonexiBucket|DenialZupy|ProhTouch|DenialDaxy|ProhAway,Bei|Sha
2019-05-31 23:47:18,2019-05-31 23:52:30,IP Address,71.84.156.28,100,311,True,2019-05-31 23:52:31,R_Qmr5c4MMgnJuigV,,,,,33.14520263671875,-97.0699005126953125,anonymous,EN,A31FKRY2F0DAXI,,,,,,,,,0,0,42.302,0,Stay away,28.6,28.6,30.796,1,Stay away,10.658,12.194,14.441,2,Bucket,9.958,9.958,10.948,1,Truck,6.75,6.75,11.217,1,Zupy,8.825,8.825,10.412,1,Zupy,24.643,32.923,37.939,2,truck,bucket,How kids can understand their biological parents without actually knowing how to speak their language,Nope,Three,417853,NoCue,DenialDaxy|ProhAway|ProhTouch|DenialZupy|NonexiTruck|NonexiBucket,Sha|Bei
2019-05-31 23:48:56,2019-05-31 23:53:27,IP Address,12.13.210.151,100,270,True,2019-05-31 23:53:27,R_3ISrVncwv3ejKeg,,,,,39.0679931640625,-76.9933013916015625,anonymous,EN,A10BOLTTG01TGM,,,,,,,,,0,0,45.325,0,Stay away,11.677,26.164,28.324,2,Touch it,9.34,9.34,11.498,1,Bucket,6.931,25.494,29.39,2,Truck,7.884,7.884,8.926,1,Zupy,10.857,10.857,15.475,1,Daxy,13.704,13.704,14.536,1,yes,no,good,,Three,903065,NoCue,NonexiBucket|DenialZupy|NonexiTruck|ProhAway|ProhTouch|DenialDaxy,Sha|Bei
