StartDate,EndDate,Status,IPAddress,Progress,Duration (in seconds),Finished,RecordedDate,ResponseId,RecipientLastName,RecipientFirstName,RecipientEmail,ExternalReference,LocationLatitude,LocationLongitude,DistributionChannel,UserLanguage,workerID,CongTime_First Click,CongTime_Last Click,CongTime_Page Submit,CongTime_Click Count,IncongTime_First Click,IncongTime_Last Click,IncongTime_Page Submit,IncongTime_Click Count,NoCueTime_First Click,NoCueTime_Last Click,NoCueTime_Page Submit,NoCueTime_Click Count,ProhTouch,ProhTouchTime_First Click,ProhTouchTime_Last Click,ProhTouchTime_Page Submit,ProhTouchTime_Click Count,ProhAway,ProhAwayTime_First Click,ProhAwayTime_Last Click,ProhAwayTime_Page Submit,ProhAwayTime_Click Count,NonexiBucket,NonexiBucketTime_First Click,NonexiBucketTime_Last Click,NonexiBucketTime_Page Submit,NonexiBucketTime_Click Count,NonexiTruck,NonexiTruckTime_First Click,NonexiTruckTime_Last Click,NonexiTruckTime_Page Submit,NonexiTruckTime_Click Count,ShaNo,BeiYes,StudyGoal,comment,catch,mTurkCode,FL_13_DO,FL_9_DO,WordMeaning_DO
Start Date,End Date,Response Type,IP Address,Progress,Duration (in seconds),Finished,Recorded Date,Response ID,Recipient Last Name,Recipient First Name,Recipient Email,External Data Reference,Location Latitude,Location Longitude,Distribution Channel,User Language,Please enter your worker ID:,Timing - First Click,Timing - Last Click,Timing - Page Submit,Timing - Click Count,Timing - First Click,Timing - Last Click,Timing - Page Submit,Timing - Click Count,Timing - First Click,Timing - Last Click,Timing - Page Submit,Timing - Click Count,"David finds another thing. 

Mom says:   (please click the triangle).Should David stay away from it? Or is it okay for him to touch it?",Timing - First Click,Timing - Last Click,Timing - Page Submit,Timing - Click Count,"David finds another thing. 

Mom says:

(please click the triangle)

Should David stay away from it? Or is it okay for him to touch it?",Timing - First Click,Timing - Last Click,Timing - Page Submit,Timing - Click Count,"Mom put a toy either in the truck or in the bucket below. 

David asks: ""Is the toy in the bucket?""

Mom says:

  (please click the triangle)

Where should David look for the toy? In the truck or in the bucket?",Timing - First Click,Timing - Last Click,Timing - Page Submit,Timing - Click Count,"Mom put a toy either in the truck or in the bucket below. 

David asks: ""Is the toy in the bucket?""

Mom says:

  (please click the triangle)

Where should David look for the toy? In the truck or in the bucket?",Timing - First Click,Timing - Last Click,Timing - Page Submit,Timing - Click Count,"What do you think the word ""Sha"" (  ) mean?","What do you think the word ""Bei"" (

) mean?",What do you think the study is about?,Do you have any comment or suggestion about the study?,Please select 3 for the question.,mTurkCode,FL_13 - Block Randomizer - Display Order,FL_9 - Block Randomizer - Display Order,WordMeaning - Display Order
"{""ImportId"":""startDate"",""timeZone"":""America/Denver""}","{""ImportId"":""endDate"",""timeZone"":""America/Denver""}","{""ImportId"":""status""}","{""ImportId"":""ipAddress""}","{""ImportId"":""progress""}","{""ImportId"":""duration""}","{""ImportId"":""finished""}","{""ImportId"":""recordedDate"",""timeZone"":""America/Denver""}","{""ImportId"":""_recordId""}","{""ImportId"":""recipientLastName""}","{""ImportId"":""recipientFirstName""}","{""ImportId"":""recipientEmail""}","{""ImportId"":""externalDataReference""}","{""ImportId"":""locationLatitude""}","{""ImportId"":""locationLongitude""}","{""ImportId"":""distributionChannel""}","{""ImportId"":""userLanguage""}","{""ImportId"":""QID25_TEXT""}","{""ImportId"":""QID21_FIRST_CLICK""}","{""ImportId"":""QID21_LAST_CLICK""}","{""ImportId"":""QID21_PAGE_SUBMIT""}","{""ImportId"":""QID21_CLICK_COUNT""}","{""ImportId"":""QID22_FIRST_CLICK""}","{""ImportId"":""QID22_LAST_CLICK""}","{""ImportId"":""QID22_PAGE_SUBMIT""}","{""ImportId"":""QID22_CLICK_COUNT""}","{""ImportId"":""QID24_FIRST_CLICK""}","{""ImportId"":""QID24_LAST_CLICK""}","{""ImportId"":""QID24_PAGE_SUBMIT""}","{""ImportId"":""QID24_CLICK_COUNT""}","{""ImportId"":""QID5""}","{""ImportId"":""QID6_FIRST_CLICK""}","{""ImportId"":""QID6_LAST_CLICK""}","{""ImportId"":""QID6_PAGE_SUBMIT""}","{""ImportId"":""QID6_CLICK_COUNT""}","{""ImportId"":""QID10""}","{""ImportId"":""QID12_FIRST_CLICK""}","{""ImportId"":""QID12_LAST_CLICK""}","{""ImportId"":""QID12_PAGE_SUBMIT""}","{""ImportId"":""QID12_CLICK_COUNT""}","{""ImportId"":""QID7""}","{""ImportId"":""QID13_FIRST_CLICK""}","{""ImportId"":""QID13_LAST_CLICK""}","{""ImportId"":""QID13_PAGE_SUBMIT""}","{""ImportId"":""QID13_CLICK_COUNT""}","{""ImportId"":""QID11""}","{""ImportId"":""QID14_FIRST_CLICK""}","{""ImportId"":""QID14_LAST_CLICK""}","{""ImportId"":""QID14_PAGE_SUBMIT""}","{""ImportId"":""QID14_CLICK_COUNT""}","{""ImportId"":""QID15_TEXT""}","{""ImportId"":""QID16_TEXT""}","{""ImportId"":""QID17_TEXT""}","{""ImportId"":""QID18_TEXT""}","{""ImportId"":""QID28""}","{""ImportId"":""mTurkCode""}","{""ImportId"":""FL_13_DO""}","{""ImportId"":""FL_9_DO""}","{""ImportId"":""BL_248dtBvp5GylimN_DO""}"
5/7/19 23:18,5/7/19 23:20,Survey Preview,,100,113,TRUE,5/7/19 23:20,R_exi0cirZw75Bo0V,,,,,37.38589478,-122.0881958,preview,EN,,,,,,0,0,40.503,0,,,,,,0,0,6.27,0,,0,0,9.031,0,,0,0,15.247,0,,0,0,18.301,0,,,,,,787389,Incong,NonexiTruck|ProhAway|NonexiBucket|ProhTouch,ShaNo|BeiYes
5/7/19 23:24,5/7/19 23:25,Survey Preview,,100,82,TRUE,5/7/19 23:25,R_1Kva49lHSRRzvJM,,,,,37.38589478,-122.0881958,preview,EN,,,,,,,,,,0,0,42.035,0,,0,0,2.373,0,,0,0,6.052,0,,0,0,2.93,0,,0,0,3.538,0,,,,,,468864,NoCue,NonexiTruck|NonexiBucket|ProhAway|ProhTouch,BeiYes|ShaNo
5/7/19 23:27,5/7/19 23:28,IP Address,68.205.182.234,100,104,TRUE,5/7/19 23:29,R_2E5XBkf6AVbuAMo,,,,,29.13830566,-80.99559784,anonymous,EN,A2HSCKH5NKN5LP,,,,,,,,,0,0,36.5,0,Touch it,2.696,4.12,4.707,6,Stay away,6.866,7.297,7.786,2,Bucket,9.567,15.003,15.869,3,Truck,2.077,4.143,4.729,3,No,Yes,I truly don't know.,,Three,995740,NoCue,NonexiBucket|ProhAway|NonexiTruck|ProhTouch,BeiYes|ShaNo
5/7/19 23:27,5/7/19 23:29,IP Address,63.155.139.208,100,123,TRUE,5/7/19 23:29,R_3HCw4Peq0jHvuXN,,,,,44.06829834,-123.0763016,anonymous,EN,A31A4YKVSOYRVS,2.111,45.327,45.767,2,,,,,,,,,Touch it,2.551,3.126,3.476,2,Touch it,2.149,7.715,8.068,6,Truck,0.147,2.927,3.288,4,Bucket,1.125,2.063,2.418,3,yes,no,I am not sure.,No.,Three,259623,Cong,ProhTouch|ProhAway|NonexiBucket|NonexiTruck,BeiYes|ShaNo
5/7/19 23:27,5/7/19 23:29,IP Address,76.185.183.214,100,145,TRUE,5/7/19 23:29,R_3PulLcwwJrstbMG,,,,,29.39590454,-98.47609711,anonymous,EN,A3RYI5HXC2MJLN,0,0,39.681,0,,,,,,,,,Stay away,5.662,5.662,8.016,1,Touch it,8.701,9.537,10.877,2,Truck,7.718,8.006,8.669,2,Bucket,12.823,13.393,22.678,2,okay,no,Thoughts of a word,,Three,582615,Cong,NonexiTruck|ProhTouch|ProhAway|NonexiBucket,ShaNo|BeiYes
5/7/19 23:27,5/7/19 23:30,IP Address,173.79.210.240,100,167,TRUE,5/7/19 23:30,R_1rCiW0MVYZyuCU3,,,,,38.62730408,-76.98590088,anonymous,EN,A1G34TESSXG1R8,,,,,6.403,6.403,37.188,1,,,,,Stay away,3.823,4.778,5.668,2,Touch it,12.846,16.336,18.043,3,Truck,19.35,35.95,37.497,5,Bucket,3.7,6.137,8.388,3,Yes,No,Languages,no,Three,201630,Incong,ProhAway|ProhTouch|NonexiBucket|NonexiTruck,BeiYes|ShaNo
5/7/19 23:27,5/7/19 23:30,IP Address,207.118.111.176,100,171,TRUE,5/7/19 23:30,R_Qab4tNWBIQQrkQh,,,,,47.68089294,-118.1667023,anonymous,EN,AYNUK54JG6E2H,,,,,,,,,0,0,45.828,0,Touch it,9.044,9.044,10.402,1,Stay away,6.732,6.732,7.474,1,Bucket,5.897,5.897,6.614,1,Truck,14.703,14.703,15.701,1,No,Yes,Learning best ways to teach language.,I loved this! I'd like to do more!,Three,107880,NoCue,ProhTouch|NonexiTruck|ProhAway|NonexiBucket,ShaNo|BeiYes
5/7/19 23:28,5/7/19 23:30,IP Address,100.37.101.232,100,128,TRUE,5/7/19 23:30,R_2zSkCJ1wkoxlSWN,,,,,40.76370239,-73.76950073,anonymous,EN,A19LVWX8ZLO6CS,,,,,,,,,0,0,37.464,0,Touch it,2.935,2.935,3.6,1,Stay away,9.827,11.123,11.713,3,Bucket,14.107,14.107,15.747,1,Bucket,3.075,3.385,4.336,2,no,yes,,,Three,575222,NoCue,NonexiBucket|ProhAway|ProhTouch|NonexiTruck,ShaNo|BeiYes
5/7/19 23:27,5/7/19 23:30,IP Address,73.142.240.25,100,165,TRUE,5/7/19 23:30,R_2yjufDVW5zc1gSt,,,,,42.31199646,-71.10810089,anonymous,EN,AA6K05EFNJ3T0,14.349,14.349,39.887,1,,,,,,,,,Touch it,4.427,14.347,14.837,3,Touch it,6.314,7.424,8.17,2,Bucket,15.123,33.694,34.24,11,Truck,7.313,11.662,12.113,4,no,yes,Learning meanings of words,NOne,Three,994460,Cong,NonexiBucket|ProhAway|ProhTouch|NonexiTruck,BeiYes|ShaNo
5/7/19 23:28,5/7/19 23:30,IP Address,24.55.12.152,100,141,TRUE,5/7/19 23:30,R_1JR9EatXDNDWrpq,,,,,30.37519836,-97.90070343,anonymous,EN,A1J9IYN46FX00O,,,,,,,,,0,0,38.907,0,Touch it,7.981,14.038,16.774,3,Stay away,4.099,4.099,7.772,1,Bucket,3.092,7.242,8.281,2,Truck,3.56,10.707,13.254,2,No,Yes,How people learn about the meaning of words.,,Three,20904,NoCue,ProhTouch|ProhAway|NonexiTruck|NonexiBucket,ShaNo|BeiYes
5/7/19 23:27,5/7/19 23:30,IP Address,107.208.243.132,100,215,TRUE,5/7/19 23:30,R_1i9fKubhYTGAeiI,,,,,31.83779907,-106.538002,anonymous,EN,A13JQTLPWXZD6L,,,,,,,,,0,0,44.825,0,Stay away,4.279,4.279,8.932,1,Touch it,7.508,7.508,10.741,1,Truck,3.11,3.11,7.513,1,Truck,2.41,2.41,3.919,1,Good,bad,I think the study was about language,Very engaging,Three,841417,NoCue,ProhAway|NonexiBucket|NonexiTruck|ProhTouch,ShaNo|BeiYes
5/7/19 23:28,5/7/19 23:30,IP Address,172.114.246.17,100,139,TRUE,5/7/19 23:30,R_ysTZglPiDxECWY1,,,,,33.96749878,-118.1464005,anonymous,EN,ATJVY9O4CY5EX,0,0,36.62,0,,,,,,,,,Touch it,2.147,8.582,9.998,2,Stay away,1.114,3.016,4.01,2,Bucket,19.336,23.669,25.881,2,Truck,2.234,5.265,7.813,2,no,yes,How we form ideas about language and meaning,,Three,423854,Cong,NonexiBucket|NonexiTruck|ProhTouch|ProhAway,BeiYes|ShaNo
5/7/19 23:28,5/7/19 23:30,IP Address,76.214.149.168,100,168,TRUE,5/7/19 23:30,R_1pnaVpsTmjg6Kj5,,,,,36.84199524,-119.6577988,anonymous,EN,A1GCTKOPKUTW3G,0,0,37.702,0,,,,,,,,,Touch it,10.568,12.721,13.507,2,Stay away,3.22,5.218,6.638,2,Bucket,2.556,4.328,4.831,2,Truck,8.673,16.728,17.538,2,No,Yes,Learning a made up language through context.,,Three,737729,Cong,ProhTouch|NonexiTruck|ProhAway|NonexiBucket,ShaNo|BeiYes
5/7/19 23:27,5/7/19 23:31,IP Address,107.5.199.80,100,218,TRUE,5/7/19 23:31,R_2CgpQ8jZdG2yL5Z,,,,,42.91329956,-85.8144989,anonymous,EN,A1C7XI68SED8JE,,,,,0,0,41.15,0,,,,,Stay away,11.835,13.653,15.754,2,Touch it,9.872,20.318,23.294,2,Truck,7.522,8.969,10.267,2,Bucket,8.206,18.201,19.567,3,yes,no,no idea,,Three,261929,Incong,ProhAway|NonexiTruck|NonexiBucket|ProhTouch,BeiYes|ShaNo
5/7/19 23:28,5/7/19 23:31,IP Address,23.161.192.28,100,192,TRUE,5/7/19 23:31,R_7O4Yn9tITiltoWd,,,,,40.73080444,-73.99749756,anonymous,EN,A184EIWAV7P9EH,15.848,15.848,50.337,1,,,,,,,,,Touch it,7.474,7.474,8.786,1,Stay away,17.024,18.461,19.293,2,Bucket,11.128,13.682,17.288,2,Truck,5.91,5.91,7.174,1,No,Yes,I have no idea.,"No comments, but thank you.",Three,64312,Cong,ProhAway|ProhTouch|NonexiBucket|NonexiTruck,ShaNo|BeiYes
5/7/19 23:28,5/7/19 23:31,IP Address,75.174.190.189,100,182,TRUE,5/7/19 23:31,R_1BRYaEJ2xgouL4y,,,,,43.63420105,-116.3410034,anonymous,EN,A2VAGA35BOHAFS,11.061,11.061,36.108,1,,,,,,,,,Touch it,5.335,5.335,6.429,1,Stay away,7.25,7.25,8.04,1,Bucket,5.378,5.378,6.161,1,Truck,13.742,24.591,25.542,2,No,Yes,I believe that this study is to gather information about the ability of understanding context without understanding language.,no,Three,244458,Cong,NonexiTruck|NonexiBucket|ProhAway|ProhTouch,BeiYes|ShaNo
5/7/19 23:28,5/7/19 23:31,IP Address,98.195.174.26,100,164,TRUE,5/7/19 23:31,R_21HecFjXLxgm45G,,,,,29.73500061,-95.41179657,anonymous,EN,A3Q1TK3M5HV8LP,,,,,0,0,42.649,0,,,,,Touch it,4.56,5.266,6.009,2,Stay away,8.483,8.483,9.735,1,Bucket,5.867,5.867,7.426,1,Truck,7.755,7.755,11.517,1,No,Yes,The impact of facial expressions on logical decision making,,Three,622882,Incong,ProhAway|NonexiTruck|NonexiBucket|ProhTouch,ShaNo|BeiYes
5/7/19 23:28,5/7/19 23:31,IP Address,112.205.141.87,100,203,TRUE,5/7/19 23:31,R_3KJTE1vinB3nR9J,,,,,14.58000183,121.1169128,anonymous,EN,ANN162CY5IAGN,,,,,0,0,39.137,0,,,,,Touch it,6.246,9.109,10.053,2,Stay away,17.68,17.68,18.501,1,Bucket,10.532,17.228,18.597,2,Truck,6.295,9.591,10.584,3,No,Yes,I have no idea what the study is about.,No comment.,Three,712520,Incong,ProhAway|NonexiBucket|NonexiTruck|ProhTouch,ShaNo|BeiYes
5/7/19 23:28,5/7/19 23:31,IP Address,67.1.133.63,100,219,TRUE,5/7/19 23:31,R_W24OmbhmP8P7H45,,,,,32.2460022,-110.9177017,anonymous,EN,AXKVHJHF1EOVT,,,,,0,0,41.657,0,,,,,Touch it,7.371,7.371,10.27,1,Touch it,11.314,14.338,16.933,2,Truck,17.094,21.838,23.644,2,Bucket,9.227,9.227,11.232,1,no,yes,learning,,Three,615428,Incong,NonexiBucket|NonexiTruck|ProhTouch|ProhAway,BeiYes|ShaNo
5/7/19 23:29,5/7/19 23:31,IP Address,73.246.98.161,100,168,TRUE,5/7/19 23:31,R_oYITOGWQ6SegobT,,,,,41.94500732,-87.79959869,anonymous,EN,A133QG754CGS3I,,,,,,,,,38.582,38.582,39.099,1,Touch it,5.052,5.617,6.178,2,Stay away,2.165,11.613,12.499,7,Bucket,1.366,6.111,6.512,4,Bucket,0.827,24.614,25.52,9,ya,no,Not sure...,This was weird...,Three,173329,NoCue,ProhTouch|NonexiTruck|NonexiBucket|ProhAway,ShaNo|BeiYes
5/7/19 23:27,5/7/19 23:32,IP Address,67.180.174.93,100,261,TRUE,5/7/19 23:32,R_afm2ZVGkzHmjLTH,,,,,39.15519714,-123.1950989,anonymous,EN,A2K1BUP7Q3DJJQ,0,0,43.722,0,,,,,,,,,Touch it,2.787,17.145,20.224,2,Stay away,6.282,6.282,11.623,1,Bucket,6.416,15.064,16.172,3,Truck,1.754,7.801,9.104,2,No,Yes,Ability for people to learn things from contextual observations.,none,Three,113058,Cong,ProhTouch|NonexiBucket|NonexiTruck|ProhAway,ShaNo|BeiYes
5/7/19 23:28,5/7/19 23:32,IP Address,47.152.98.57,100,243,TRUE,5/7/19 23:32,R_3J28DoHXhszKFkX,,,,,33.74159241,-116.9729996,anonymous,EN,A30FIJIJ2IJPAD,,,,,,,,,0,0,41.461,0,Touch it,13.109,13.109,15.781,1,Stay away,23.498,23.498,26.571,1,Bucket,27.221,27.221,33.246,1,Truck,17.535,17.535,19.327,1,no,yes,learning a language with simple cartoons,,Three,793309,NoCue,ProhAway|NonexiBucket|NonexiTruck|ProhTouch,BeiYes|ShaNo
5/7/19 23:27,5/7/19 23:32,IP Address,37.120.132.194,100,267,TRUE,5/7/19 23:32,R_1ruoQIhLRJV1g80,,,,,34.05490112,-118.2577972,anonymous,EN,A2KLJKDG90K1PP,,,,,0,0,40.11,0,,,,,Stay away,5.84,7.188,8.977,2,Touch it,4.001,12.608,16.691,4,Truck,6.046,7.771,10.897,2,Bucket,11.936,25.073,29.785,3,Yes,No,Unsure,No.,Three,530016,Incong,NonexiTruck|NonexiBucket|ProhAway|ProhTouch,BeiYes|ShaNo
5/7/19 23:27,5/7/19 23:32,IP Address,66.206.12.98,100,263,TRUE,5/7/19 23:32,R_3LX2Ld0w4NP9i8y,,,,,28.01089478,-82.49479675,anonymous,EN,A1T8LV8EOI43UN,,,,,0,0,123.372,0,,,,,Touch it,3.62,4.322,4.778,2,Touch it,0,0,0.196,0,Bucket,0.391,1.474,2.396,3,,0.572,2.99,4.288,5,no,yes,watching a video and answering questions ,no,Three,116219,Incong,ProhAway|NonexiTruck|ProhTouch|NonexiBucket,BeiYes|ShaNo
5/7/19 23:30,5/7/19 23:32,IP Address,73.25.53.225,100,138,TRUE,5/7/19 23:32,R_1jAMG6NxwN4u2ZM,,,,,44.96350098,-123.0800018,anonymous,EN,A37Y6GW1NY78VT,,,,,,,,,2.579,2.579,36.331,1,Touch it,9.932,9.932,10.726,1,Stay away,0.764,4.084,4.86,2,Bucket,2.619,8.144,8.773,2,Truck,3.005,6.794,7.505,2,No,Yes,Learning new words through context,,Three,31454,NoCue,ProhTouch|ProhAway|NonexiBucket|NonexiTruck,ShaNo|BeiYes
5/7/19 23:30,5/7/19 23:32,IP Address,75.13.254.244,100,161,TRUE,5/7/19 23:32,R_1LMBsyLSL9p7ao1,,,,,29.73500061,-95.41179657,anonymous,EN,A10IZOZGBH42K,0,0,37.764,0,,,,,,,,,Touch it,12.119,22.449,25.348,3,Stay away,5.189,5.189,6.787,1,Bucket,13.878,20.692,21.907,3,Truck,11.355,11.355,12.907,1,no,yes,inflection in speech patterns,,Three,271836,Cong,ProhTouch|ProhAway|NonexiBucket|NonexiTruck,BeiYes|ShaNo
5/7/19 23:30,5/7/19 23:32,IP Address,98.165.224.73,100,150,TRUE,5/7/19 23:32,R_cYEeQECmXZd47qF,,,,,33.3289032,-111.865799,anonymous,EN,A73UBWHFPAT7E,,,,,,,,,0,0,37.688,0,Touch it,4.621,8.828,9.595,2,Stay away,2.859,4.054,5.595,2,Bucket,14.708,18.081,20.943,2,Truck,3.974,7.472,9.13,2,No,Yes,I think this study is gauging whether people can figure out what someone is saying based on context clues.,Nope!,Three,662503,NoCue,NonexiBucket|NonexiTruck|ProhTouch|ProhAway,ShaNo|BeiYes
5/7/19 23:29,5/7/19 23:32,IP Address,159.65.72.134,100,215,TRUE,5/7/19 23:32,R_1juB50RlF7nYEzA,,,,,37.34170532,-121.975296,anonymous,EN,A1WJU1IQ3UTRC6,0,0,41.219,0,,,,,,,,,Stay away,5.153,13.309,14.381,2,Stay away,3.399,5.884,6.663,2,Bucket,22.666,29.798,31.384,2,Truck,3.543,14.127,15.156,2,no,yes,picking up on languages,none,Three,902553,Cong,NonexiBucket|ProhTouch|NonexiTruck|ProhAway,BeiYes|ShaNo
5/7/19 23:30,5/7/19 23:33,IP Address,73.219.249.59,100,176,TRUE,5/7/19 23:33,R_3iyTJEQbm1eJ78O,,,,,42.24630737,-70.99720001,anonymous,EN,A2TLN8489YGY81,,,,,35.144,35.144,39.774,1,,,,,Stay away,4.611,6.043,7.357,2,Touch it,8.864,8.864,10.343,1,Truck,3.608,3.608,6.533,1,Bucket,10.516,11.68,15.503,2,Yes,No,This study was about learning words based on facial expressions.,Everything was clear and there were no tech issues so far.,Three,828154,Incong,ProhAway|ProhTouch|NonexiTruck|NonexiBucket,BeiYes|ShaNo
5/7/19 23:29,5/7/19 23:33,IP Address,104.0.228.108,100,222,TRUE,5/7/19 23:33,R_31Y2qAqcESAq8K5,,,,,35.4019928,-94.6332016,anonymous,EN,A1TSD3O3C3ZUT6,,,,,,,,,0,0,81.362,0,Touch it,3.821,6.341,7.05,2,Stay away,3.716,4.803,5.513,3,Bucket,12.967,15.184,19.636,3,Truck,4.22,5.284,6.881,2,No,yes,perception of a new language,,Three,542959,NoCue,NonexiBucket|ProhTouch|NonexiTruck|ProhAway,BeiYes|ShaNo
5/7/19 23:27,5/7/19 23:33,IP Address,64.201.85.254,100,368,TRUE,5/7/19 23:33,R_1ilpvrODf4GcIly,,,,,40.12010193,-79.40509796,anonymous,EN,A1H5Q9HRH4RPZU,,,,,,,,,2.579,2.579,42.691,1,Stay away,2.473,14.874,15.76,6,Touch it,10.489,14.687,16.137,2,Truck,6.865,10.509,11.51,3,Bucket,21.063,25.96,26.834,2,yes,no,honestly no idea,simple but confusing!,Three,43326,NoCue,ProhAway|ProhTouch|NonexiTruck|NonexiBucket,ShaNo|BeiYes
5/7/19 23:31,5/7/19 23:33,IP Address,47.144.21.6,100,122,TRUE,5/7/19 23:33,R_21mI5CiFkSnufVa,,,,,34.22680664,-119.0487976,anonymous,EN,A3B43EHV3X455M,,,,,0,0,37.116,0,,,,,Touch it,4.535,4.535,5.474,1,Stay away,4.213,4.213,5.059,1,Bucket,13.556,35.568,36.432,5,Truck,3.81,3.81,4.735,1,no,ok,,,Three,135973,Incong,NonexiBucket|NonexiTruck|ProhTouch|ProhAway,BeiYes|ShaNo
5/7/19 23:28,5/7/19 23:33,IP Address,24.155.242.20,100,300,TRUE,5/7/19 23:33,R_26haeUATiORZsS2,,,,,30.30749512,-97.72709656,anonymous,EN,AE3MX5R15ONP3,,,,,,,,,0,0,38.924,0,Touch it,14.891,18.419,19.443,2,Stay away,6.92,6.92,8.807,1,Bucket,9.844,13.272,14.722,2,Truck,38.699,56.446,57.775,2,"no, don't ","yes, ok, sure ",If we can figure out some basic words from another language. ,I think this study is fun. ,Three,121288,NoCue,NonexiTruck|ProhTouch|NonexiBucket|ProhAway,BeiYes|ShaNo
5/7/19 23:30,5/7/19 23:33,IP Address,208.38.252.98,100,186,TRUE,5/7/19 23:33,R_3qJa3MgzeUFG5kM,,,,,38.67340088,-87.50980377,anonymous,EN,ALZDJ7DBWN919,,,,,0,0,40.195,0,,,,,Stay away,7.789,8.936,10.617,2,Stay away,8.706,10.776,12.843,2,Bucket,6.154,7.554,9.681,2,Truck,17.708,25.384,27.419,2,No,Yes,Whether we pay attention to what is really going on or if we just rely on facial context clues,no,Three,696371,Incong,NonexiTruck|ProhAway|ProhTouch|NonexiBucket,BeiYes|ShaNo
5/7/19 23:29,5/7/19 23:33,IP Address,184.18.71.126,100,240,TRUE,5/7/19 23:33,R_237BkBgal8YhELI,,,,,41.19540405,-85.11769867,anonymous,EN,A1GI1OL09X2PA7,,,,,,,,,19.734,19.734,42.09,1,Touch it,9.047,10.361,11.158,2,Stay away,13.161,14.887,16.084,2,Bucket,40.547,61.97,62.971,2,Truck,12.451,12.451,13.552,1,no,yes,To  see if people who only speak english knows what others are saying just by actions. ,none,Three,100061,NoCue,NonexiBucket|NonexiTruck|ProhAway|ProhTouch,ShaNo|BeiYes
5/7/19 23:29,5/7/19 23:33,IP Address,76.200.231.207,100,246,TRUE,5/7/19 23:33,R_pgvg8PALvmksbT3,,,,,33.64039612,-117.9225998,anonymous,EN,A3DF3331GOTRJP,0,0,40.358,0,,,,,,,,,Touch it,5.877,10.447,11.324,2,Stay away,6.642,8.302,8.958,3,Bucket,21.209,26.232,27.126,2,Truck,3.387,5.672,6.87,2,nope,yes,humans and babies learning languages,none,Three,184678,Cong,NonexiBucket|ProhTouch|ProhAway|NonexiTruck,ShaNo|BeiYes
5/7/19 23:28,5/7/19 23:33,IP Address,49.207.184.150,100,295,TRUE,5/7/19 23:33,R_31WLiy3ygwgbKb8,,,,,13.08430481,80.28048706,anonymous,EN,A1QESPED19VAJG,,,,,0,0,41.603,0,,,,,Touch it,2.296,2.296,3.458,1,Touch it,6.224,6.224,7.282,1,Bucket,18.276,19.556,20.574,2,Truck,2.265,11.833,13.178,2,Sweetheart,Bye,This study is about a child learning something from the mother.,Good survey,Three,417849,Incong,ProhAway|ProhTouch|NonexiTruck|NonexiBucket,BeiYes|ShaNo
5/7/19 23:30,5/7/19 23:33,IP Address,107.5.88.103,100,189,TRUE,5/7/19 23:33,R_1erz1v4K6xxhh6n,,,,,41.89930725,-84.04019928,anonymous,EN,A5T9IFDZ3W4T6,,,,,9.831,9.831,42.115,1,,,,,Touch it,7.431,13.512,18.567,3,Stay away,6.591,11.207,12.318,4,Bucket,8.527,17.534,18.546,3,Truck,9.958,12.23,14.341,2,"No, stay away",Yes,Learning languages that you do not know,None,Three,792059,Incong,ProhTouch|NonexiBucket|ProhAway|NonexiTruck,BeiYes|ShaNo
5/7/19 23:30,5/7/19 23:33,IP Address,174.50.63.143,100,193,TRUE,5/7/19 23:33,R_2rYEYvrerjS7wI7,,,,,32.5316925,-92.1760025,anonymous,EN,A16RLUZLJ318F5,0,0,39.796,0,,,,,,,,,Touch it,6.946,10.219,13.667,2,Stay away,6.46,10.836,11.227,3,Bucket,21.831,30.574,32.078,2,Truck,6.072,11.488,13.273,2,No,Yes,I honestly don't know.,No.,Three,72809,Cong,NonexiBucket|ProhTouch|ProhAway|NonexiTruck,ShaNo|BeiYes
5/7/19 23:31,5/7/19 23:33,IP Address,71.202.49.102,100,154,TRUE,5/7/19 23:34,R_2DXCWqkSLXWK1yx,,,,,34.95039368,-120.4963989,anonymous,EN,A144T42X6B04VA,,,,,,,,,14.779,14.779,39.212,1,Touch it,5.384,5.384,6.871,1,Stay away,6.935,6.935,8.122,1,Bucket,24.468,25.421,26.845,3,Truck,8.305,8.305,9.142,1,no,yes,not sure,,Three,731212,NoCue,NonexiBucket|ProhAway|ProhTouch|NonexiTruck,ShaNo|BeiYes
5/7/19 23:29,5/7/19 23:34,IP Address,181.214.112.49,100,274,TRUE,5/7/19 23:34,R_2D0rixJGbGsBwm5,,,,,41.84829712,-87.65170288,anonymous,EN,A1XC3EQ35V1795,0,0,71.919,0,,,,,,,,,Touch it,5.086,5.086,7.169,1,Touch it,7.458,7.458,8.933,1,Bucket,3.475,5.164,6.075,2,Truck,4.677,6.365,11.43,3,touch it,touch it,Conducting a study on learning video,It was a good survey.,Three,610816,Cong,NonexiTruck|ProhTouch|NonexiBucket|ProhAway,ShaNo|BeiYes
5/7/19 23:31,5/7/19 23:34,IP Address,50.4.146.97,100,182,TRUE,5/7/19 23:34,R_2v1vpfAnxLYi4q0,,,,,41.5019989,-82.00910187,anonymous,EN,A38IE69ORDCEGY,0,0,41.447,0,,,,,,,,,Touch it,6.853,8.117,8.817,2,Stay away,5.044,12.102,14.861,2,Bucket,10.118,13.208,14.547,2,Truck,6.501,8.129,9.988,2,No,Yes,Being able to pick up on made up dialects when there's a context.,,Three,699175,Cong,ProhAway|ProhTouch|NonexiBucket|NonexiTruck,ShaNo|BeiYes
5/7/19 23:31,5/7/19 23:34,IP Address,75.137.152.180,100,173,TRUE,5/7/19 23:34,R_2VPkfDDXGsPb4wQ,,,,,32.90150452,-84.33239746,anonymous,EN,A3LPHYONE222OY,,,,,,,,,0,0,51.675,0,Touch it,11.626,11.626,12.266,1,Stay away,4.584,4.584,5.545,1,Bucket,6.661,6.661,7.847,1,Truck,19.756,20.301,21.748,2,No,Yes,My ability to understand visual cues?,,Three,819747,NoCue,NonexiTruck|ProhTouch|NonexiBucket|ProhAway,BeiYes|ShaNo
5/7/19 23:30,5/7/19 23:34,IP Address,157.51.92.211,100,220,TRUE,5/7/19 23:34,R_3POdHJIzBveMczf,,,,,10.80499268,78.68560791,anonymous,EN,A25P8V30538GCX,,,,,,,,,0,0,64.708,0,Touch it,4.605,4.605,5.559,1,Touch it,3.85,3.85,4.661,1,Bucket,2.71,2.71,3.51,1,Bucket,15.446,16.501,17.219,2,TRUCK,BUCKET,THIS STUDY WAS GAINING OUR KNOWLEDGE,INTERESTING,Three,40075,NoCue,NonexiTruck|NonexiBucket|ProhTouch|ProhAway,ShaNo|BeiYes
5/7/19 23:31,5/7/19 23:34,IP Address,107.201.41.76,100,190,TRUE,5/7/19 23:34,R_2PdLQ46PbBMKBK9,,,,,37.29719543,-120.4638977,anonymous,EN,A1N1ULK71RHVMM,,,,,4.375,4.375,40.487,1,,,,,Touch it,5.774,6.939,8.141,2,Stay away,10.879,19.127,20.447,3,Bucket,6.131,8.282,9.388,3,Truck,5.847,23.471,25.681,3,no,yes,when facial expressions don't match our words,fun and quick,Three,340753,Incong,ProhAway|ProhTouch|NonexiTruck|NonexiBucket,ShaNo|BeiYes
5/7/19 23:32,5/7/19 23:34,IP Address,73.189.180.66,100,124,TRUE,5/7/19 23:34,R_244VQnZfN7po9LH,,,,,37.2973938,-121.7561951,anonymous,EN,A1YSYI926BBOHW,0.376,36.207,36.571,2,,,,,,,,,Touch it,8.404,8.752,10.103,2,Stay away,4.338,4.725,5.819,2,Bucket,4.968,10.794,12.183,2,Truck,3.315,7.777,8.502,2,no,yes,see how people learn new words,no,Three,844167,Cong,ProhTouch|NonexiBucket|NonexiTruck|ProhAway,BeiYes|ShaNo
5/7/19 23:28,5/7/19 23:34,IP Address,161.129.69.26,100,396,TRUE,5/7/19 23:34,R_2TYJGNlRTD4EsBP,,,,,42.00480652,-87.99539948,anonymous,EN,A338XEHF0WXH17,0,0,41.101,0,,,,,,,,,Stay away,2.199,2.199,3.433,1,Stay away,2.371,2.371,3.235,1,Truck,2.231,5.783,6.952,2,Truck,3.525,3.525,4.763,1,Should,bennet,video learning survey,good,Three,549762,Cong,NonexiBucket|ProhAway|ProhTouch|NonexiTruck,BeiYes|ShaNo
5/7/19 23:30,5/7/19 23:34,IP Address,108.219.51.78,100,244,TRUE,5/7/19 23:34,R_3qri2SblZj2sotA,,,,,39.08580017,-95.68669891,anonymous,EN,A3L4JI1S352HB8,,,,,,,,,0,0,43.207,0,Touch it,8.094,20.909,22.869,2,Stay away,15.669,15.669,17.486,1,Bucket,9.668,10.692,20.11,2,Truck,15.404,31.761,33.187,2,no,yes,how we learn foreign languages through repetition,,Three,397418,NoCue,ProhTouch|ProhAway|NonexiTruck|NonexiBucket,BeiYes|ShaNo
5/7/19 23:27,5/7/19 23:34,IP Address,162.220.222.35,100,427,TRUE,5/7/19 23:34,R_1gC61z5TjWKN55S,,,,,39.73880005,-104.9868011,anonymous,EN,A1E6JO64K7PZVH,,,,,0,0,87.563,0,,,,,Touch it,6.574,6.574,7.769,1,Stay away,28.118,28.118,29.318,1,Bucket,8.6,8.6,10.76,1,Truck,78.511,78.511,81.278,1,No,yes,dialogue between mom and son,Good,Three,565241,Incong,NonexiTruck|ProhAway|ProhTouch|NonexiBucket,ShaNo|BeiYes
5/7/19 23:27,5/7/19 23:34,IP Address,73.169.159.58,100,434,TRUE,5/7/19 23:34,R_333lpUKN3gYySbI,,,,,47.73449707,-117.4469986,anonymous,EN,A37EV8RZ82WT8E,,,,,,,,,0,0,38.415,0,Stay away,5.175,5.799,6.468,2,Touch it,5.346,5.346,6.215,1,Truck,7.042,8.217,9.387,2,Bucket,30.779,36.734,38.328,2,Yes,No,Interpreting language.,None,Three,785117,NoCue,NonexiTruck|ProhAway|NonexiBucket|ProhTouch,BeiYes|ShaNo
5/7/19 23:31,5/7/19 23:34,IP Address,72.79.150.207,100,213,TRUE,5/7/19 23:34,R_2QRvjiUL3VZC4Qt,,,,,41.36650085,-75.8361969,anonymous,EN,A2I9PUZT19ZBO8,0,0,46.365,0,,,,,,,,,Touch it,7.103,7.103,8.91,1,Stay away,12.4,12.4,13.864,1,Bucket,35.818,35.818,40.683,1,Truck,18.715,18.715,22.336,1,No,Yes,idk,no,Three,740735,Cong,NonexiBucket|ProhAway|ProhTouch|NonexiTruck,ShaNo|BeiYes
5/7/19 23:31,5/7/19 23:34,IP Address,184.103.250.117,100,190,TRUE,5/7/19 23:34,R_1Oph9b2Np6FpL8y,,,,,33.34289551,-111.634697,anonymous,EN,AHCNB3U5FYB4N,,,,,0,0,43.421,0,,,,,Touch it,13.702,20.246,20.943,2,Stay away,8.22,8.22,9.206,1,Bucket,11.182,11.182,12.15,1,Truck,7.765,28.686,29.567,3,no,yes,language,,Three,283700,Incong,ProhTouch|NonexiTruck|NonexiBucket|ProhAway,ShaNo|BeiYes
5/7/19 23:31,5/7/19 23:34,IP Address,73.98.168.220,100,232,TRUE,5/7/19 23:34,R_2fecjHhf5hwOdVF,,,,,41.22140503,-111.9624023,anonymous,EN,A1CWJHH3BK3LBL,,,,,0,0,43.043,0,,,,,Touch it,21.599,23.679,25.229,2,Stay away,9.691,9.691,10.787,1,Bucket,7.237,7.237,8.038,1,Truck,7.811,16.911,18.35,2,no,yes,Ability to communicate simply at least with a non english speaker that you do not know the language.,This was very interesting.,Three,763340,Incong,ProhTouch|NonexiTruck|ProhAway|NonexiBucket,BeiYes|ShaNo
5/7/19 23:28,5/7/19 23:34,IP Address,209.182.217.48,100,370,TRUE,5/7/19 23:34,R_2By7bcb8piexH2G,,,,,37.75100708,-97.8219986,anonymous,EN,A1N0KY93FD1YXK,0,0,44.242,0,,,,,,,,,Stay away,8.279,22.262,23.279,2,Stay away,3.095,3.095,3.888,1,Bucket,25.557,27.206,27.728,2,Truck,9.359,25.985,26.699,3,NO,YES,Its very entertaining,no,Three,581976,Cong,NonexiTruck|NonexiBucket|ProhTouch|ProhAway,ShaNo|BeiYes
5/7/19 23:32,5/7/19 23:35,IP Address,107.185.228.57,100,134,TRUE,5/7/19 23:35,R_27IOicy7lc6qJRi,,,,,33.82420349,-118.2680054,anonymous,EN,A29RRZYB15066A,0,0,36.487,0,,,,,,,,,Touch it,2.567,4.882,5.783,2,Stay away,8.124,8.124,8.756,1,Truck,4.248,4.248,5.199,1,Bucket,8.745,10.612,11.715,2,Move towards it,Move away from it,Learning a language from context clues.,,Three,280834,Cong,ProhAway|NonexiTruck|ProhTouch|NonexiBucket,ShaNo|BeiYes
5/7/19 23:32,5/7/19 23:35,IP Address,172.91.86.202,100,181,TRUE,5/7/19 23:35,R_31SnkflssuC9akR,,,,,34.04469299,-118.4487,anonymous,EN,A1A0OTKVK1YXXD,,,,,,,,,0,0,41.622,0,Touch it,5.022,14.06,14.788,2,Stay away,4.297,7.543,8.42,3,Bucket,8.67,28.011,28.737,2,Truck,5.187,7.482,9.171,3,No,Yes,not sure,,Three,93520,NoCue,NonexiBucket|ProhTouch|NonexiTruck|ProhAway,ShaNo|BeiYes
5/7/19 23:29,5/7/19 23:35,IP Address,49.207.184.150,100,307,TRUE,5/7/19 23:35,R_0p7TXa5vzhZdG4V,,,,,13.08430481,80.28048706,anonymous,EN,A235OG2GO7PK25,0,0,40.64,0,,,,,,,,,Touch it,3.7,22.736,24.942,9,Touch it,4.373,6.676,7.771,3,Bucket,14.376,18.505,19.392,3,Truck,5.929,8.137,9.326,2,darling,Business Education Initiative,MEMORY GAME,NICE,Three,724327,Cong,ProhTouch|ProhAway|NonexiBucket|NonexiTruck,ShaNo|BeiYes
5/7/19 23:31,5/7/19 23:35,IP Address,73.162.77.136,100,231,TRUE,5/7/19 23:35,R_272Q52fdV1ihkqt,,,,,37.30279541,-121.9981995,anonymous,EN,A2SI93H28TVPLS,14.101,34.349,50.508,2,,,,,,,,,Touch it,9.398,9.398,13.287,1,Stay away,13.151,17.622,18.355,2,Bucket,7.92,8.105,17.907,2,Truck,28.225,29.37,37.939,2,no,yes,"The study is about how children learn the meaning of words, and how they can use the word in different contexts once it is learned",,Three,107159,Cong,ProhTouch|ProhAway|NonexiTruck|NonexiBucket,BeiYes|ShaNo
5/7/19 23:31,5/7/19 23:35,IP Address,172.249.98.133,100,232,TRUE,5/7/19 23:35,R_2AZR0su6N00A15z,,,,,33.70700073,-117.9519043,anonymous,EN,A1HXHZUSW2GTU6,0,0,38.125,0,,,,,,,,,Touch it,8.521,16.665,17.611,2,Stay away,4.596,9.06,9.886,2,Bucket,32.91,57.038,58.137,2,Truck,9.171,12.691,13.964,2,No,Yes,Learning via context and sounds,no,Three,879934,Cong,NonexiBucket|ProhTouch|NonexiTruck|ProhAway,BeiYes|ShaNo
5/7/19 23:31,5/7/19 23:35,IP Address,27.0.23.252,100,203,TRUE,5/7/19 23:35,R_vuXIoZvIxYacywp,,,,,26.36520386,127.758606,anonymous,EN,A266W5KYPK7EDZ,,,,,,,,,0,0,40.801,0,Touch it,11.064,11.064,12.03,1,Stay away,14.862,14.862,16.193,1,Bucket,8.177,14.326,15.439,2,Truck,10.479,23.721,30.597,2,no,yes,I think the study is about learning by what you hear consistently and reactions.,no,Three,744389,NoCue,ProhAway|NonexiTruck|ProhTouch|NonexiBucket,BeiYes|ShaNo
5/7/19 23:28,5/7/19 23:35,IP Address,146.71.78.236,100,426,TRUE,5/7/19 23:35,R_1mx814T9jnG4Voq,,,,,37.75100708,-97.8219986,anonymous,EN,A33GQGCJR419W7,,,,,,,,,0,0,37.244,0,Touch it,5.02,28.635,30.444,3,Stay away,21.376,88.175,89.223,3,Truck,78.986,128.352,130.895,5,Truck,13.369,13.369,15.498,1,NO,YES,IT IS GOOD TASK,NOTHING,Three,123289,NoCue,NonexiBucket|ProhAway|ProhTouch|NonexiTruck,ShaNo|BeiYes
5/7/19 23:29,5/7/19 23:35,IP Address,104.200.35.145,100,361,TRUE,5/7/19 23:35,R_1IYqyxaRUb2fjCJ,,,,,35.66990662,-97.46469879,anonymous,EN,AYTEQBR18OJLJ,0,0,43.126,0,,,,,,,,,Touch it,57.472,57.472,58.409,1,Stay away,11.098,11.098,12.263,1,Truck,17.083,17.083,17.956,1,Bucket,8.865,8.865,9.407,1,darling,more playful meaning to the word,VERY INTERESTING ,VERY NICE ,Three,532803,Cong,ProhTouch|ProhAway|NonexiBucket|NonexiTruck,BeiYes|ShaNo
5/7/19 23:30,5/7/19 23:35,IP Address,24.156.77.239,100,283,TRUE,5/7/19 23:35,R_3O1zo4h1SgueKVQ,,,,,35.15449524,-111.6789017,anonymous,EN,A2RHB88CZANBEP,,,,,,,,,0,0,38.268,0,Touch it,6.965,9.267,10.508,2,Stay away,3.987,5.503,6.8,2,Bucket,10.496,10.496,11.686,1,Bucket,15.137,30.282,39.323,2,No,Yes,Comprehension through visual cues. ,,Three,698395,NoCue,NonexiTruck|ProhTouch|NonexiBucket|ProhAway,BeiYes|ShaNo
5/7/19 23:31,5/7/19 23:35,IP Address,67.199.184.34,100,218,TRUE,5/7/19 23:35,R_2PpUaXBPLJNGT1Z,,,,,40.1098938,-111.6462021,anonymous,EN,A1ATTMEYW02BV0,0,0,40.864,0,,,,,,,,,Touch it,5.347,6.364,7.933,2,Stay away,4.901,4.901,6.011,1,Bucket,4.645,7.197,9.167,2,Truck,12.127,21.543,29.618,2,No,Yes,I think it is testing different methods of learning a language.,I thought it was interesting and fun!,Three,558818,Cong,NonexiTruck|NonexiBucket|ProhTouch|ProhAway,BeiYes|ShaNo
5/7/19 23:31,5/7/19 23:35,IP Address,67.167.88.105,100,267,TRUE,5/7/19 23:35,R_1HjWeYRMP8LDwYu,,,,,41.97549438,-88.08779907,anonymous,EN,A3EW7EOWG8L6FI,,,,,,,,,0,0,39.018,0,Touch it,6.007,6.007,7.016,1,Stay away,6.561,6.561,7.224,1,Bucket,5.624,5.624,6.586,1,Truck,5.884,7.425,8.483,3,No,Yes,If people can figure out what the meaning of made up words is,,Three,573085,NoCue,ProhTouch|NonexiTruck|NonexiBucket|ProhAway,BeiYes|ShaNo
5/7/19 23:32,5/7/19 23:35,IP Address,107.136.228.29,100,187,TRUE,5/7/19 23:35,R_2D5Z9ZivyiGaPJ5,,,,,31.58129883,-102.9002991,anonymous,EN,AU5UJIZ3TLI5M,,,,,0,0,47.972,0,,,,,Stay away,3.353,8.844,9.57,2,Stay away,7.136,22.505,23.099,4,Truck,11.462,11.462,12.961,1,Truck,8.998,8.998,10.253,1,yes,no,"not sure, memory?",Good pay.,Three,701530,Incong,ProhAway|NonexiBucket|NonexiTruck|ProhTouch,ShaNo|BeiYes
5/7/19 23:30,5/7/19 23:35,IP Address,108.66.82.72,100,318,TRUE,5/7/19 23:35,R_PHBFKoCP2wr7zm9,,,,,32.62049866,-90.00610352,anonymous,EN,A342YLIMT6THWO,16.837,16.837,105.679,1,,,,,,,,,Touch it,9.92,21.44,22.951,3,Touch it,5.246,7.022,8.616,2,Bucket,22.884,47.412,48.471,4,Bucket,16.17,18.45,19.354,2,no,yes,learning from others,,Three,526099,Cong,ProhAway|NonexiBucket|NonexiTruck|ProhTouch,BeiYes|ShaNo
5/7/19 23:29,5/7/19 23:35,IP Address,196.19.158.168,100,348,TRUE,5/7/19 23:35,R_phI0fzZsEtbcy0F,,,,,39.09970093,-94.57859802,anonymous,EN,A3LJZZYJH97ZI4,,,,,0,0,106.447,0,,,,,Touch it,7.286,7.286,10.114,1,Stay away,8.783,8.783,9.741,1,Truck,30.134,32.054,33.115,2,Bucket,1.124,10.34,22.881,2,TOUCH,AWAY,STUDY ABOUT PEOPLE,thanks for the opportunity.,Three,902185,Incong,NonexiTruck|ProhTouch|NonexiBucket|ProhAway,ShaNo|BeiYes
5/7/19 23:31,5/7/19 23:35,IP Address,73.53.72.89,100,227,TRUE,5/7/19 23:35,R_8ogwdu9oPRbEFhf,,,,,47.67219543,-122.1257019,anonymous,EN,AH9Y3W3PJGG32,,,,,7.587,7.772,45.607,2,,,,,Touch it,9.939,12.081,13.716,2,Stay away,11.552,13.702,16.162,2,Bucket,4.598,37.389,39.456,10,Truck,10.71,13.362,14.982,2,no,yes,to see if people can learn a language by context,,Three,784545,Incong,NonexiBucket|NonexiTruck|ProhAway|ProhTouch,ShaNo|BeiYes
5/7/19 23:33,5/7/19 23:35,IP Address,74.95.7.254,100,141,TRUE,5/7/19 23:35,R_2zRMcZCL7Qbi4mw,,,,,37.44459534,-122.1835022,anonymous,EN,A3RS7UCO7CQ74R,8.472,8.472,36.032,1,,,,,,,,,Stay away,4.131,4.131,5.226,1,Stay away,3.911,5.967,6.718,3,Truck,8.554,8.554,9.938,1,Truck,16.567,16.567,21.118,1,stay away,touch,not sure,,Three,808674,Cong,NonexiTruck|ProhAway|NonexiBucket|ProhTouch,ShaNo|BeiYes
5/7/19 23:32,5/7/19 23:35,IP Address,196.16.111.160,100,218,TRUE,5/7/19 23:35,R_128WTgufVMxJUwX,,,,,34.05439758,-118.2440033,anonymous,EN,AXLSMBLT1SFFN,,,,,,,,,0,0,40.045,0,Touch it,5.617,5.617,6.773,1,Touch it,1.721,1.721,3.677,1,Bucket,2.838,2.838,3.822,1,Truck,5.772,5.772,7.337,1,Touch it,Touch it,The study about learning,The task is good,Three,369063,NoCue,NonexiTruck|ProhTouch|ProhAway|NonexiBucket,ShaNo|BeiYes
5/7/19 23:30,5/7/19 23:36,IP Address,196.17.249.86,100,341,TRUE,5/7/19 23:36,R_129XHJA2DUd68GA,,,,,39.09970093,-94.57859802,anonymous,EN,A147B5FTAKXVPS,,,,,0,0,45.959,0,,,,,Stay away,9.108,13.092,14.328,3,Stay away,16.513,16.513,17.427,1,Truck,15.579,15.579,16.643,1,Truck,2.601,2.601,13.697,1,Come here,Good  Babz,Better,Good,Three,582693,Incong,ProhTouch|ProhAway|NonexiBucket|NonexiTruck,BeiYes|ShaNo
5/7/19 23:28,5/7/19 23:36,IP Address,23.123.1.9,100,448,TRUE,5/7/19 23:36,R_2wTxtTrDTlDHJwf,,,,,40.04299927,-122.1649017,anonymous,EN,A2RYP5HCVKX4A6,,,,,,,,,0,0,53.454,0,Touch it,9.812,9.812,12.345,1,Stay away,10.701,10.701,15.724,1,Bucket,33.01,36.626,39.056,3,Truck,12.599,14.767,15.899,2,No,Yes,I think the study is about if you could understand what someone is saying by their actions even if they don't speck your language.,None.,Three,260565,NoCue,NonexiBucket|ProhAway|NonexiTruck|ProhTouch,BeiYes|ShaNo
5/7/19 23:31,5/7/19 23:36,IP Address,172.2.146.225,100,293,TRUE,5/7/19 23:36,R_3Dc0lWpxHGu5y3w,,,,,37.2507019,-121.8359985,anonymous,EN,AJTLLYV8O5FQU,,,,,,,,,2.939,4.86,52.242,2,Touch it,15.368,17.289,18.739,2,Stay away,9.505,10.958,11.959,2,Bucket,24.803,33.125,34.157,3,Truck,12.788,13.997,16.092,2,no,Yes,I never quite know what researchers are studying.,none,Three,808754,NoCue,ProhTouch|NonexiBucket|NonexiTruck|ProhAway,BeiYes|ShaNo
5/7/19 23:30,5/7/19 23:36,IP Address,196.16.111.58,100,363,TRUE,5/7/19 23:36,R_3s6Y317GlUdHMf8,,,,,34.05439758,-118.2440033,anonymous,EN,ASFPCMZ0EBKRP,,,,,0,0,54.867,0,,,,,Touch it,80.051,80.051,88.751,1,Stay away,4.252,22.132,22.967,2,Bucket,29.604,34.157,36.127,4,Truck,17.938,17.938,19.358,1,Come care,Good babz,Nice,Super,Three,936766,Incong,ProhTouch|ProhAway|NonexiBucket|NonexiTruck,BeiYes|ShaNo
5/7/19 23:27,5/7/19 23:36,IP Address,162.250.7.19,100,545,TRUE,5/7/19 23:36,R_RkHm7CF8RZGMduF,,,,,33.74850464,-84.38710022,anonymous,EN,A2NZ92HHM4S8IH,124.541,124.541,128.661,1,,,,,,,,,Touch it,4,4,5.158,1,Stay away,3.688,3.688,4.857,1,Bucket,13.731,26.052,26.499,3,Truck,5.013,6.414,7.272,2,NO,Yes,language between mom and son with nice animation video,Nice survey,Three,909299,Cong,NonexiBucket|ProhTouch|NonexiTruck|ProhAway,ShaNo|BeiYes
5/7/19 23:30,5/7/19 23:36,IP Address,69.167.22.199,100,352,TRUE,5/7/19 23:36,R_2TB3jknQg2hehpu,,,,,47.63479614,-122.3451004,anonymous,EN,A1CQ45RYFB2K5P,,,,,,,,,0,0,72.68,0,Stay away,2.762,20.373,22.9,3,Stay away,6.758,6.758,8.739,1,Truck,4.688,4.688,5.914,1,Truck,6.764,6.764,7.816,1,girl,boy,its about study on learning,good,Three,330903,NoCue,ProhTouch|NonexiBucket|ProhAway|NonexiTruck,BeiYes|ShaNo
5/7/19 23:28,5/7/19 23:37,IP Address,185.242.5.227,100,513,TRUE,5/7/19 23:37,R_9Nf6G0hT9S99r2N,,,,,36.16850281,-115.1164017,anonymous,EN,A2PPD2L5MX103Z,,,,,,,,,0,0,53.537,0,Stay away,1.177,1.177,2.4,1,Stay away,1.028,1.724,2.354,2,Truck,273.74,274.404,274.793,2,Truck,0.818,1.159,2.163,2,Should,beijo,video learning survey,good,Three,168293,NoCue,NonexiBucket|ProhAway|ProhTouch|NonexiTruck,ShaNo|BeiYes
5/7/19 23:30,5/7/19 23:37,IP Address,108.187.204.116,100,402,TRUE,5/7/19 23:37,R_1IiJ9f40Ue7n55y,,,,,37.75100708,-97.8219986,anonymous,EN,A2X3ASSOI43ILL,,,,,5.018,5.751,83.403,3,,,,,Stay away,3.654,3.654,4.997,1,Touch it,5.972,18.973,20.655,3,Truck,25.596,25.596,26.939,1,Bucket,9.675,9.675,11.127,1,Stay,Touch it,It is good,Nice,Three,73918,Incong,ProhAway|ProhTouch|NonexiBucket|NonexiTruck,BeiYes|ShaNo
5/7/19 23:29,5/7/19 23:37,IP Address,196.19.158.132,100,480,TRUE,5/7/19 23:37,R_1FtA0CBtjd06gKc,,,,,39.09970093,-94.57859802,anonymous,EN,A11A3I2BVGRKSE,,,,,,,,,0,0,89.236,0,Touch it,6.907,6.907,8.574,1,Stay away,14.73,46.282,53.822,4,Truck,9.98,16.876,18.76,3,Truck,3.367,3.367,5.265,1,"Sha (sha) - Cajun and Creole slang, derived from the French ""cher"". A term of affection meaning darling, dear, or sweetheart.","	Business Education Initiative",It is about learning,nothing,Three,909356,NoCue,ProhAway|NonexiBucket|NonexiTruck|ProhTouch,BeiYes|ShaNo
5/7/19 23:27,5/7/19 23:38,IP Address,184.59.231.92,100,636,TRUE,5/7/19 23:38,R_wMDTR6BN5NANAXL,,,,,44.27099609,-88.43260193,anonymous,EN,APKFFVZKZJ6NZ,4.238,6.142,79.287,4,,,,,,,,,Touch it,5.026,8.6,9.702,3,Stay away,4.076,4.7,5.102,2,Bucket,15.373,31.885,32.547,5,Truck,4.317,4.837,5.354,2,No,Yes,Seeing if people can identify common words in a language they dont know ,,Three,442147,Cong,NonexiBucket|NonexiTruck|ProhTouch|ProhAway,BeiYes|ShaNo
5/7/19 23:31,5/7/19 23:38,IP Address,68.111.167.223,100,374,TRUE,5/7/19 23:38,R_1o15pRzw6Zslb06,,,,,33.16610718,-117.0932007,anonymous,EN,A6KOTWP7N7RLU,0,0,50.798,0,,,,,,,,,Touch it,3.243,3.243,4.45,1,Stay away,4.382,4.382,5.348,1,Bucket,10.037,10.705,16.12,2,Truck,90.708,90.708,92.344,1,No,Yes,"Clearly it is about trying to learn the meaning of unfamiliar words, but the scenario I saw was so simple that I couldn't guess at the true purpose",,Three,241106,Cong,NonexiBucket|NonexiTruck|ProhAway|ProhTouch,ShaNo|BeiYes
5/7/19 23:29,5/7/19 23:38,IP Address,47.136.55.76,100,527,TRUE,5/7/19 23:38,R_1QlmFaHEcbJQ45c,,,,,34.14070129,-117.9566956,anonymous,EN,A277KN9SYH1OLP,,,,,40.184,40.184,41.876,1,,,,,Stay away,10.533,25.257,26.339,3,Touch it,9.359,16.492,17.488,3,Truck,15.762,27.295,28.588,3,Bucket,23.265,52.503,53.29,4,Yes,No,How 2 people can communicate when both speak different languages but one is bilingual??  For example son understood his mom yet spoke to her in English.,,Three,140579,Incong,NonexiTruck|ProhTouch|ProhAway|NonexiBucket,BeiYes|ShaNo
5/7/19 23:28,5/7/19 23:38,IP Address,65.220.84.31,100,563,TRUE,5/7/19 23:38,R_2tJuEWFDO5VpUch,,,,,37.75100708,-97.8219986,anonymous,EN,AK32BEF4G57UY,0,0,425.899,0,,,,,,,,,Stay away,3.315,3.315,4.288,1,Stay away,1.941,2.57,3.319,2,Truck,3.889,3.889,5.009,1,Truck,41.934,41.934,43.215,1,BUCKET,SHA,MIRROR,NICE,Three,444264,Cong,NonexiTruck|NonexiBucket|ProhTouch|ProhAway,ShaNo|BeiYes
5/7/19 23:35,5/7/19 23:38,IP Address,73.106.32.104,100,171,TRUE,5/7/19 23:38,R_3Dksr0IdOYjutWx,,,,,33.76570129,-84.29509735,anonymous,EN,A3U6IA3JUSFZ2M,11.737,11.737,36.591,1,,,,,,,,,Touch it,10.888,12.192,13.793,3,Stay away,5.347,5.691,6.948,2,Bucket,5.858,5.858,9.587,1,Truck,31.041,33.136,35.245,3,no don't,yes or okay,"I,m not sure",,Three,298592,Cong,NonexiTruck|ProhTouch|NonexiBucket|ProhAway,BeiYes|ShaNo
5/7/19 23:35,5/7/19 23:38,IP Address,157.51.92.211,100,172,TRUE,5/7/19 23:38,R_3GlhVvIftx2AsW6,,,,,10.80499268,78.68560791,anonymous,EN,A349KZN1TIW8XQ,0,0,40.213,0,,,,,,,,,Stay away,1.574,3.766,4.592,2,Touch it,2.258,3.138,4.218,2,Truck,3.172,3.172,5.046,1,Bucket,2.203,2.203,4.98,1,YES,NO,THIS STUDY WAS GAINING OUR KNOWLEDGE,INTERESTING,Three,854630,Cong,ProhTouch|ProhAway|NonexiBucket|NonexiTruck,BeiYes|ShaNo
5/7/19 23:30,5/7/19 23:38,IP Address,82.102.31.150,100,496,TRUE,5/7/19 23:38,R_eFfc2fa3vqqNyEh,,,,,36.16850281,-115.1164017,anonymous,EN,A2U467B41HZG02,0,0,73.491,0,,,,,,,,,Touch it,11.578,11.578,12.58,1,Stay away,7.028,13.692,14.565,2,Truck,4.714,4.714,6.027,1,Truck,182.52,182.52,183.558,1,Truck,Bucket,Video learning study.,Interesting.,Three,394591,Cong,NonexiTruck|ProhAway|ProhTouch|NonexiBucket,BeiYes|ShaNo
5/7/19 23:34,5/7/19 23:38,IP Address,99.162.83.39,100,237,TRUE,5/7/19 23:38,R_1l3Rmk7aOysfv31,,,,,34.13240051,-118.0263977,anonymous,EN,A1ANUL57YGDBSP,,,,,0,0,39.284,0,,,,,Stay away,4.805,4.805,5.959,1,Touch it,13.7,15.944,17.262,2,Truck,17.877,20.121,21.5,2,Bucket,5.904,5.904,6.573,1,Yes; Go ahead,No; Stay away,This study was to see how people can pick up simple yes and no commands from a different language to understand their world.,"No, thanks for letting me participate.",Three,824813,Incong,ProhAway|NonexiBucket|NonexiTruck|ProhTouch,BeiYes|ShaNo
5/7/19 23:27,5/7/19 23:39,IP Address,122.165.199.25,100,691,TRUE,5/7/19 23:39,R_6XSFkmUrxj1xxyV,,,,,20,77,anonymous,EN,AKAJP2WN5YHLO,0,0,51.231,0,,,,,,,,,Touch it,14.231,14.231,15.294,1,Touch it,1.806,1.806,2.908,1,Bucket,0.817,0.817,1.409,1,Bucket,2.376,2.376,3.172,1,"""That is so sha."" 3. ""Look at that .Oh, sha! you think Im gonna help you with that? by Kelly", I see we have a call,Its nice to this survey and well this.,Nice to this entertainment,Three,278457,Cong,NonexiTruck|ProhTouch|ProhAway|NonexiBucket,BeiYes|ShaNo
5/7/19 23:36,5/7/19 23:39,IP Address,76.125.244.14,100,183,TRUE,5/7/19 23:39,R_3oNlbriKUou44aM,,,,,40.3052063,-79.54180145,anonymous,EN,A3I1W58P6SIV26,,,,,0,0,51.487,0,,,,,Touch it,2.723,4.67,5.316,2,Stay away,2.65,6.838,7.707,4,Bucket,2.716,4.089,4.738,2,Truck,15.731,43.756,44.466,6,Stay away,Go ahead,learning weird words and how i interpret them,interesting study,Three,981344,Incong,NonexiTruck|NonexiBucket|ProhAway|ProhTouch,BeiYes|ShaNo
5/7/19 23:32,5/7/19 23:39,IP Address,193.37.253.147,100,437,TRUE,5/7/19 23:39,R_2690mqXJoSzJTMe,,,,,40.78759766,-74.05999756,anonymous,EN,A2I1RJSMBBW861,,,,,0,0,72.56,0,,,,,Touch it,9.02,9.02,10.212,1,Stay away,4.766,4.766,5.857,1,Truck,24.967,25.927,27.026,2,Bucket,6.54,6.54,8.597,1,"cryptography, SHA",Biological Exposure Index,ACADEMIC SURVEY,VERY NICE,Three,200663,Incong,NonexiBucket|ProhTouch|ProhAway|NonexiTruck,BeiYes|ShaNo
5/7/19 23:28,5/7/19 23:39,IP Address,161.129.69.10,100,703,TRUE,5/7/19 23:39,R_2zptolbyrugDKuR,,,,,42.00480652,-87.99539948,anonymous,EN,AG5HAUJJV4OCY,,,,,0,0,62.794,0,,,,,Stay away,16.805,16.805,17.871,1,Stay away,10.58,10.58,11.423,1,Truck,2.371,31.377,32.354,3,Truck,11.159,11.159,12.009,1,Should,Beijo,This study about study on learning. ,Nice,Three,69754,Incong,NonexiBucket|NonexiTruck|ProhTouch|ProhAway,ShaNo|BeiYes
5/7/19 23:35,5/7/19 23:39,IP Address,76.105.61.77,100,253,TRUE,5/7/19 23:39,R_3HXlWXRKVyXY5fo,,,,,38.42070007,-121.3623047,anonymous,EN,A234UW0G9PMSCC,,,,,0,0,38.347,0,,,,,Touch it,4.412,6.496,10.396,2,Stay away,10.3,10.3,11.556,1,Bucket,7.636,8.667,9.772,2,Truck,27.987,34.298,37.679,3,No,Yes,how quickly words from a different language can be learned?,thanks for the hit! nice change of pace from the usual hits.,Three,451150,Incong,NonexiTruck|NonexiBucket|ProhAway|ProhTouch,ShaNo|BeiYes
5/7/19 23:37,5/7/19 23:41,IP Address,67.180.106.232,100,222,TRUE,5/7/19 23:41,R_Xjgl19OANIWcJYB,,,,,37.2124939,-121.8641052,anonymous,EN,A3774HPOUKYTX7,0,0,48.108,0,,,,,,,,,Stay away,17.347,17.347,18.465,1,Stay away,4.878,4.878,5.859,1,Truck,5.208,6.195,7.047,2,Bucket,4.936,4.936,5.83,1,touch it,stay away,How we judge words?,,Three,382016,Cong,ProhTouch|NonexiBucket|ProhAway|NonexiTruck,BeiYes|ShaNo
5/7/19 23:30,5/7/19 23:41,IP Address,196.17.66.67,100,614,TRUE,5/7/19 23:41,R_1EhAs2xdRHOsci7,,,,,34.05439758,-118.2440033,anonymous,EN,ATD54YTOJEN1G,,,,,,,,,0,0,78.958,0,Touch it,5.094,5.094,5.973,1,Touch it,6.224,6.224,7.248,1,Bucket,12.152,14.175,14.841,3,Truck,15.493,26.677,36.966,3,"Term of affection meaning darling, dear, or sweetheart. ",The meaning of Bei is everyone appreciates you.,This study was interesting.,This study about very helpful to me.,Three,870766,NoCue,NonexiTruck|NonexiBucket|ProhAway|ProhTouch,ShaNo|BeiYes
5/7/19 23:32,5/7/19 23:41,IP Address,73.199.142.35,100,549,TRUE,5/7/19 23:41,R_2eOoKAvqVG1xOcE,,,,,39.37730408,-74.61229706,anonymous,EN,A3HH7T31PFH49C,,,,,46.137,46.952,86.626,2,,,,,Touch it,8.866,19.456,23.475,4,Touch it,33.812,70.712,73.136,4,Bucket,7.652,24.029,25.369,4,Truck,38.252,77.631,82.377,3,touch,don't touch,To understand how people judge the language or gesture.,no,Three,621825,Incong,NonexiTruck|ProhAway|ProhTouch|NonexiBucket,ShaNo|BeiYes
5/7/19 23:29,5/7/19 23:41,IP Address,23.82.201.65,100,688,TRUE,5/7/19 23:41,R_W2uV3CxxshD8hvb,,,,,47.53640747,-122.2779999,anonymous,EN,A3NVRTN7RC8D0I,,,,,137.896,137.896,138.332,1,,,,,Stay away,2.452,4.068,5.174,2,Stay away,1.603,1.603,2.961,1,Truck,0.897,0.897,1.748,1,Bucket,4.133,4.133,4.71,1,CAJUN,SLANG,conducting a study on learning,GOOD,Three,283585,Incong,ProhAway|NonexiBucket|NonexiTruck|ProhTouch,BeiYes|ShaNo
5/7/19 23:27,5/7/19 23:42,IP Address,73.88.108.92,100,867,TRUE,5/7/19 23:42,R_wSifPiygDQcRUpr,,,,,32.82150269,-80.05680084,anonymous,EN,A1OIBI3PWS4R5K,,,,,61.74,61.74,62.532,1,,,,,Stay away,5.889,5.889,9.736,1,Touch it,7,26.641,27.846,2,Bucket,16.342,21.193,26.854,2,Truck,6.272,6.272,7.401,1,Yes,No,How people interpret language,,Three,154489,Incong,NonexiBucket|NonexiTruck|ProhAway|ProhTouch,BeiYes|ShaNo
5/7/19 23:38,5/7/19 23:42,IP Address,73.217.119.219,100,292,TRUE,5/7/19 23:42,R_3EDPKlEp5gJn2nj,,,,,39.94689941,-105.2142029,anonymous,EN,A17QHU5Q0FS3GW,,,,,,,,,40.468,40.468,44.393,1,Touch it,1.519,13.833,15.999,4,Stay away,5.27,14.152,15.515,3,Bucket,3.655,6.679,7.613,2,Truck,1.265,23.514,24.688,3,No,Yes,"I think it's about seeing if we try to associate English words we already know with other languages (along with pronounciation of the words). Sha sounds like ""yea"" and sounds more enthusiastic where as ""Bae"" sounds sort of like a condemnation, by English standards anyways.","No, it's pretty straight forward. If you need any diligent workers feel free to let me know A17QHU5Q0FS3GW taylorstanley01@gmail.com",Three,477205,NoCue,NonexiTruck|NonexiBucket|ProhAway|ProhTouch,BeiYes|ShaNo
5/7/19 23:28,5/7/19 23:43,IP Address,198.98.183.137,100,878,TRUE,5/7/19 23:43,R_XvoNIkJNd0LZ4qZ,,,,,39.01800537,-77.53900146,anonymous,EN,A2C3XKHFBLOSIO,,,,,0,0,332.502,0,,,,,Touch it,1.953,1.953,2.888,1,Touch it,1.275,1.275,2.313,1,Bucket,15.55,15.55,16.382,1,Bucket,24.856,24.856,25.672,1,"darling, dear, or sweetheart",I find this term really helpful if you're saying hello to a group of people ,Nice to this survey,Nice,Three,428552,Incong,NonexiTruck|NonexiBucket|ProhTouch|ProhAway,ShaNo|BeiYes
5/7/19 23:41,5/7/19 23:44,IP Address,108.184.171.98,100,202,TRUE,5/7/19 23:44,R_2aWehk1JqahCjqZ,,,,,34.10910034,-117.7126007,anonymous,EN,A3OV174HQJIJK8,,,,,,,,,0,0,38.384,0,Touch it,13.546,13.546,14.876,1,Stay away,5.427,5.427,6.677,1,Bucket,7.807,9.831,14.993,2,Truck,15.25,24.793,26.244,3,No,Yes,I didn't think about it because it doesn't concern me. I'll leave the study to you guys.,Thank you for letting me participate.,Three,241546,NoCue,NonexiTruck|NonexiBucket|ProhTouch|ProhAway,ShaNo|BeiYes
5/7/19 23:32,5/7/19 23:45,IP Address,170.83.235.118,100,741,TRUE,5/7/19 23:45,R_24BOai8EP0Dh13f,,,,,15,-86.5,anonymous,EN,A3BD596A2NNN72,,,,,56.039,75.75,85.076,2,,,,,Stay away,3.442,3.442,5.379,1,Stay away,1.943,2.307,3.524,2,Bucket,2.343,3.045,3.594,2,Bucket,4.511,6.043,6.432,3,SHA,SHE,YES ,VERY NICE,Two,298172,Incong,ProhTouch|ProhAway|NonexiBucket|NonexiTruck,BeiYes|ShaNo
5/7/19 23:42,5/7/19 23:45,IP Address,104.173.47.45,100,154,TRUE,5/7/19 23:45,R_3Dpxr5YWs7takvI,,,,,33.73379517,-116.9299011,anonymous,EN,A2QWTQ4I70BRWO,,,,,,,,,0,0,37.969,0,Touch it,2.342,6.118,8.951,2,Stay away,8.438,11.245,13.408,2,Bucket,3.496,19.8,21.114,4,Truck,2.462,4.063,6.315,2,No,Yes,Learning languages.,Thank you,Three,749733,NoCue,ProhAway|NonexiBucket|ProhTouch|NonexiTruck,BeiYes|ShaNo
5/7/19 23:34,5/7/19 23:47,IP Address,68.235.34.136,100,772,TRUE,5/7/19 23:47,R_2tKA2R24stg59pj,,,,,41.78919983,-88.26200104,anonymous,EN,A2PDB64F7UMYUD,,,,,,,,,0,0,84.301,0,Stay away,38.267,38.267,39.93,1,Touch it,59.282,59.282,61.366,1,Bucket,4.249,4.249,6.842,1,Bucket,308.429,311.603,313.132,3,Stay away,Touch it,Study is about learning,Study is good,Three,670761,NoCue,NonexiTruck|NonexiBucket|ProhTouch|ProhAway,BeiYes|ShaNo
5/7/19 23:42,5/7/19 23:47,IP Address,162.216.141.2,100,301,TRUE,5/7/19 23:47,R_RgLc3gmM62shw9X,,,,,11.92999268,79.82998657,anonymous,EN,A194UMZESQE6BS,3.417,4.633,42.962,3,,,,,,,,,Touch it,6.712,16.999,18.094,8,Touch it,2.913,7.802,8.808,3,Truck,4.152,30.455,80.217,6,Truck,1.544,27.255,30.926,11,Don't touch and move away,Touch,To learn something different language,Good Survey and Interesting,Three,882388,Cong,NonexiTruck|NonexiBucket|ProhTouch|ProhAway,ShaNo|BeiYes
5/7/19 23:40,5/7/19 23:47,IP Address,161.129.69.28,100,418,TRUE,5/7/19 23:47,R_2fBTWhvrzaJ5JR1,,,,,42.00480652,-87.99539948,anonymous,EN,A7XAEZTNECKT5,,,,,0,0,53.2,0,,,,,Stay away,15.363,15.363,16.44,1,Touch it,4.012,4.012,5.595,1,Bucket,3.817,5.313,31.779,2,Truck,17.037,17.037,18.33,1,Truck,Bucket,study on learning.,Interesting and good.,Three,426550,Incong,NonexiTruck|ProhAway|NonexiBucket|ProhTouch,ShaNo|BeiYes
5/7/19 23:46,5/7/19 23:49,IP Address,157.51.92.211,100,174,TRUE,5/7/19 23:49,R_3RqmXLLIyTTkMH4,,,,,10.80499268,78.68560791,anonymous,EN,A25P8V30538GCX,,,,,0,0,40.249,0,,,,,Touch it,2.395,2.395,3.479,1,Touch it,1.123,1.123,2.678,1,Truck,22.269,22.269,23.397,1,Bucket,1.48,1.48,2.607,1,NO,YES,THIS STUDY WAS GAINING OUR KNOWLEDGE,INTERESTING,Three,467858,Incong,NonexiBucket|NonexiTruck|ProhTouch|ProhAway,BeiYes|ShaNo
5/7/19 23:45,5/7/19 23:50,IP Address,41.80.205.239,100,302,TRUE,5/7/19 23:50,R_1CEch5tMcUNOp2t,,,,,-1.284103394,36.81550598,anonymous,EN,A2UUKFTD0VUX2S,0,0,48.816,0,,,,,,,,,Touch it,26.815,26.815,30.095,1,Stay away,7.022,7.022,10.521,1,Bucket,7.265,37.902,38.82,2,Truck,10.387,16.285,17.456,2,No,Yes,My perception on language. ,none,Three,812488,Cong,ProhTouch|ProhAway|NonexiBucket|NonexiTruck,ShaNo|BeiYes
5/7/19 23:40,5/7/19 23:52,IP Address,65.220.84.146,100,720,TRUE,5/7/19 23:52,R_331164yQNMVwTTI,,,,,37.75100708,-97.8219986,anonymous,EN,A16L296MDDV1ZX,0,0,106.967,0,,,,,,,,,Stay away,5.137,7.182,18.836,2,Touch it,8.818,31.362,43.922,2,Bucket,38.111,38.111,42.085,1,Bucket,3.436,3.436,9.738,1,Stay away,Touch it,watch videos to learn.,It's nice.,Three,31455,Cong,NonexiBucket|ProhAway|ProhTouch|NonexiTruck,ShaNo|BeiYes
5/7/19 23:41,5/7/19 23:53,IP Address,172.106.111.214,100,730,TRUE,5/7/19 23:53,R_3FPQepnCSPvB3rM,,,,,39.01800537,-77.53900146,anonymous,EN,A1AKRS964MI8IM,19.56,90.449,91.959,2,,,,,,,,,Stay away,49.982,82.536,89.298,4,Touch it,68.82,72.703,74.926,6,Truck,46.557,57.093,101.422,3,Bucket,7.293,11.062,63.793,2,avoid,Accept,about learning ,study is good,Three,936288,Cong,ProhTouch|ProhAway|NonexiBucket|NonexiTruck,BeiYes|ShaNo
5/7/19 23:51,5/7/19 23:54,IP Address,72.220.195.220,100,144,TRUE,5/7/19 23:54,R_9z60zYKoaOt8fT3,,,,,32.76379395,-117.0699997,anonymous,EN,A26NGLGGFTATVN,,,,,0,0,41.824,0,,,,,Touch it,11.233,15.788,16.825,3,Stay away,4.544,4.544,6.624,1,Bucket,6.547,13.949,15.226,2,Truck,3.26,3.982,5.558,2,"Move away, no","Yes, Move towards",Interpreting language and actions,,Three,250628,Incong,ProhTouch|NonexiBucket|NonexiTruck|ProhAway,ShaNo|BeiYes
5/7/19 23:42,5/7/19 23:54,IP Address,8.39.235.196,100,711,TRUE,5/7/19 23:54,R_10SpdXVEZZJDQtB,,,,,44.01849365,-121.2984009,anonymous,EN,A2X1NEG8QWQOO6,,,,,22.138,43.927,68.029,2,,,,,Stay away,10.616,58.584,60.207,3,Stay away,5.81,5.81,9.081,1,Truck,99.066,100.194,103.226,2,Bucket,2.981,2.981,5.106,1,touch,avoid,the survey is about learning emotions,it was nice,Three,706995,Incong,NonexiBucket|ProhTouch|NonexiTruck|ProhAway,BeiYes|ShaNo
5/7/19 23:33,5/7/19 23:54,IP Address,99.75.53.174,100,1244,TRUE,5/7/19 23:54,R_sM8CmZMn6z6hcvT,,,,,41.97779846,-88.20179749,anonymous,EN,A17TKHT8FEVH0R,,,,,0,0,850.94,0,,,,,Touch it,12.703,12.703,16.065,1,Touch it,3.701,3.701,6.317,1,Bucket,2.502,3.155,4.207,2,Truck,6.937,12.746,14.366,2,Don't touch it,Do whatever you want.,How people learn languages.,,Three,9439,Incong,ProhTouch|NonexiTruck|ProhAway|NonexiBucket,BeiYes|ShaNo
5/7/19 23:44,5/7/19 23:56,IP Address,65.220.84.146,100,699,TRUE,5/7/19 23:56,R_3HhUmi9veDvjYcJ,,,,,37.75100708,-97.8219986,anonymous,EN,A1XJDQLDUMZF6R,0,0,224.071,0,,,,,,,,,Stay away,38.949,38.949,49.575,1,Touch it,3.448,3.448,6.369,1,Bucket,4.862,4.862,7.708,1,Bucket,4.784,6.6,8.59,2,Stay away,Touch it,watch videos to learn.,It's nice.,Three,449301,Cong,NonexiTruck|ProhTouch|NonexiBucket|ProhAway,ShaNo|BeiYes
5/7/19 23:35,5/7/19 23:57,IP Address,71.121.237.217,100,1336,TRUE,5/7/19 23:57,R_1OOwHkRLXx2p7gO,,,,,39.27259827,-76.86139679,anonymous,EN,AARRC49LFF1O,,,,,,,,,0,0,38.633,0,Touch it,12.952,12.952,14.526,1,Stay away,6.792,6.792,35.669,1,Truck,18.482,18.482,22.375,1,Bucket,7.301,7.301,8.222,1,Cute,Baby,This study was to examine people's opinion about relationship .,None,Three,352705,NoCue,ProhAway|ProhTouch|NonexiBucket|NonexiTruck,BeiYes|ShaNo
5/7/19 23:58,5/8/19 0:01,IP Address,98.224.27.4,100,161,TRUE,5/8/19 0:01,R_1MKBcxaTt9W46ru,,,,,38.57550049,-121.4882965,anonymous,EN,A1PUHCEBSOWETV,,,,,,,,,2.087,2.087,61.276,1,Touch it,57.29,57.509,58.035,2,Touch it,0.585,1.238,1.698,3,Bucket,0.542,0.542,1.104,1,Bucket,0.101,0.43,0.991,2,Don't touch,Touch,Dunno,no,Three,63403,NoCue,ProhTouch|NonexiBucket|ProhAway|NonexiTruck,ShaNo|BeiYes
5/7/19 23:54,5/8/19 0:01,IP Address,45.56.180.14,100,469,TRUE,5/8/19 0:01,R_30pefzsyUo6NHaG,,,,,36.10079956,-115.1364975,anonymous,EN,AZ77KYNW774WB,,,,,0,0,150.402,0,,,,,Touch it,5.483,5.483,64.979,1,Stay away,41.715,44.731,62.017,4,Truck,13.857,13.857,15.394,1,Bucket,7.946,18.865,20.245,3,Avoid,touch,learning language,none,Three,259817,Incong,NonexiTruck|ProhAway|ProhTouch|NonexiBucket,ShaNo|BeiYes
5/7/19 23:59,5/8/19 0:02,IP Address,70.176.4.129,100,172,TRUE,5/8/19 0:02,R_3oWMXvSv9jPkqTl,,,,,33.57679749,-112.2348022,anonymous,EN,A2XQ3CFB5HT2ZQ,,,,,,,,,0,0,42.856,0,Touch it,5.985,5.985,7.683,1,Stay away,12.597,12.597,14.104,1,Truck,17.669,17.669,19.381,1,Truck,13.566,13.566,14.883,1,away,near,no idea,,Three,419765,NoCue,ProhAway|ProhTouch|NonexiBucket|NonexiTruck,ShaNo|BeiYes
5/8/19 0:00,5/8/19 0:04,IP Address,91.148.209.129,100,232,TRUE,5/8/19 0:04,R_1dKvOmR2ywBzfVm,,,,,51.49639893,-0.122406006,anonymous,EN,A13ZQUB0RP52KP,0,0,41.526,0,,,,,,,,,Touch it,3.515,3.515,4.373,1,Stay away,40.826,46.13,47.157,2,Bucket,19.753,19.753,20.509,1,Truck,5.735,7.951,10.456,2,Stay away,Touch it,About learning of moms language,Good,Three,490501,Cong,NonexiBucket|ProhAway|ProhTouch|NonexiTruck,BeiYes|ShaNo
5/7/19 23:56,5/8/19 0:04,IP Address,104.129.19.51,100,494,TRUE,5/8/19 0:04,R_2y3F5WqX0exfmb2,,,,,33.7552948,-84.38860321,anonymous,EN,AUPRMVUM25CSP,320.747,320.747,323.75,1,,,,,,,,,Touch it,1.105,3.041,3.699,4,Stay away,0.848,0.848,1.939,1,Bucket,1.01,1.915,2.8,2,Truck,1.437,2.421,2.906,2,"A term of affection meaning darling, dear, or sweetheart.","Thus, in with countries and cities, an with bodies of water, bei with people.",learning the study.,nice,Three,229710,Cong,NonexiBucket|ProhTouch|NonexiTruck|ProhAway,ShaNo|BeiYes
5/8/19 0:03,5/8/19 0:05,IP Address,104.238.59.98,100,122,TRUE,5/8/19 0:05,R_u1UfqENQ4DNXWFP,,,,,37.75100708,-97.8219986,anonymous,EN,A1DSBBRZR3LWXP,38.363,38.363,38.682,1,,,,,,,,,Touch it,3.328,5.333,5.778,3,Stay away,2.817,4.803,6.302,3,Bucket,3.34,17.608,18.491,6,Truck,2.862,5.219,6.163,3,no,yes,How we perceive language and tone,,Three,366865,Cong,NonexiBucket|NonexiTruck|ProhAway|ProhTouch,ShaNo|BeiYes
5/8/19 0:00,5/8/19 0:06,IP Address,68.100.174.128,100,356,TRUE,5/8/19 0:06,R_1LY9inw78ULTpmt,,,,,38.7769928,-77.1894989,anonymous,EN,A4J4GGMKJ68L0,,,,,5.914,20.802,36.008,3,,,,,Stay away,2.645,4.094,10.752,2,Touch it,2.262,2.262,3.038,1,Bucket,0.118,4.232,4.506,5,Bucket,4.506,43.313,43.741,2,Yes,No,It was about perceptions.,No,Three,634900,Incong,NonexiTruck|ProhTouch|ProhAway|NonexiBucket,BeiYes|ShaNo
5/8/19 0:05,5/8/19 0:11,IP Address,67.191.145.76,100,357,TRUE,5/8/19 0:11,R_2EGdIGBcqC3sj0W,,,,,34.23190308,-84.16269684,anonymous,EN,APO6KZZ79PO9Q,,,,,,,,,0,0,52.845,0,Touch it,6.554,19.818,20.4,3,Stay away,5.897,5.897,7.059,1,Truck,23.431,23.431,24.42,1,Bucket,5.036,5.036,5.562,1,no,yes,"Study of human perception, behavior and emotions",no,Three,404207,NoCue,NonexiBucket|NonexiTruck|ProhTouch|ProhAway,ShaNo|BeiYes
5/7/19 23:47,5/8/19 0:19,IP Address,154.153.146.9,100,1894,TRUE,5/8/19 0:19,R_3lM8tDt8Rsgy3aQ,,,,,1,38,anonymous,EN,A2O4BEPTVGYFRN,,,,,,,,,7.38,8.036,117.336,2,Touch it,13.122,13.122,14.856,1,Stay away,6.913,12.274,14.601,3,Bucket,19.473,19.473,22.122,1,Truck,60.401,64.314,65.398,5,no,yes,language and communication ,none,Three,332407,NoCue,ProhTouch|ProhAway|NonexiBucket|NonexiTruck,BeiYes|ShaNo
5/8/19 0:17,5/8/19 0:21,IP Address,71.228.171.36,100,253,TRUE,5/8/19 0:21,R_1JQmMzVND6AhWVA,,,,,36.07110596,-86.71959686,anonymous,EN,AD1PP40BCLSD2,0,0,48.046,0,,,,,,,,,Touch it,5.207,6.337,7.007,2,Stay away,4.356,4.356,6.078,1,Truck,3.251,4.261,4.801,2,Truck,2.448,2.448,3.348,1,Cute,Behavior,This study is about to watch videos and meaning them.,None,Three,77971,Cong,ProhAway|NonexiBucket|NonexiTruck|ProhTouch,BeiYes|ShaNo
5/8/19 0:21,5/8/19 0:26,IP Address,71.40.11.54,100,329,TRUE,5/8/19 0:26,R_2aWAHT7fQfJiIyJ,,,,,30.5874939,-97.85350037,anonymous,EN,A3LOLMFCFVCXSX,,,,,14.907,14.907,42.665,1,,,,,Touch it,4.49,9.162,9.731,2,Stay away,19.447,19.447,23.408,1,Truck,16.771,20.651,21.788,2,Truck,20.992,20.992,22.46,1,yes,no,perceptions on sounds and language,interesting study,Three,230487,Incong,ProhAway|NonexiBucket|ProhTouch|NonexiTruck,ShaNo|BeiYes
5/8/19 0:28,5/8/19 0:32,IP Address,174.58.25.22,100,240,TRUE,5/8/19 0:32,R_1Q45d6fy6ofuNTN,,,,,27.3269043,-82.54329681,anonymous,EN,A16HSMUJ7C7QA7,0,0,42.619,0,,,,,,,,,Touch it,5.679,5.679,6.82,1,Stay away,4.662,4.662,13.831,1,Bucket,11.653,11.653,12.784,1,Truck,14.144,14.144,15.395,1,no,yes,Learning by repetition,no,Three,21558,Cong,ProhAway|NonexiTruck|ProhTouch|NonexiBucket,BeiYes|ShaNo
5/8/19 0:29,5/8/19 0:32,IP Address,162.193.23.43,100,204,TRUE,5/8/19 0:32,R_2asDgbrZulEr2Y6,,,,,29.70089722,-95.58850098,anonymous,EN,A1ATL3G98SFW4V,,,,,0,0,54.346,0,,,,,Touch it,5.117,7.349,11.212,2,Stay away,4.573,4.573,6.067,1,Bucket,31.475,35.611,48.201,2,Truck,12.189,12.189,16.131,1,No,touch it,It is about a foreign language ,No,Three,649878,Incong,NonexiBucket|ProhTouch|NonexiTruck|ProhAway,BeiYes|ShaNo
5/8/19 0:28,5/8/19 0:32,IP Address,73.144.24.143,100,253,TRUE,5/8/19 0:32,R_29iZROYrP7wqmWC,,,,,42.42480469,-83.19509888,anonymous,EN,A27W025UEXS1G0,0,0,101.597,0,,,,,,,,,Touch it,11.864,12.927,13.985,2,Stay away,6.061,6.061,6.865,1,Bucket,9.79,10.254,11.084,2,Truck,20.859,21.374,22.422,2,No,Yes,Testing how people interpret language based on expression in the tone of voice.,None,Three,80717,Cong,ProhTouch|NonexiTruck|NonexiBucket|ProhAway,BeiYes|ShaNo
5/8/19 0:30,5/8/19 0:32,IP Address,174.65.81.86,100,144,TRUE,5/8/19 0:32,R_2wzeSb44QfdEqFZ,,,,,32.79159546,-116.9710007,anonymous,EN,A2VRDE2FHCBMF8,,,,,,,,,0,0,37.815,0,Touch it,6.826,6.826,7.689,1,Stay away,6.157,7.333,8.499,2,Bucket,5.226,6.778,7.641,2,Truck,4.08,4.08,5.408,1,"Nope, Don't do it, Stay away","Yes, Go for it, Take it",Bei!,Sha!,Three,189784,NoCue,ProhTouch|NonexiBucket|NonexiTruck|ProhAway,BeiYes|ShaNo
5/8/19 0:29,5/8/19 0:34,IP Address,73.146.114.153,100,296,TRUE,5/8/19 0:34,R_1LpnRhXrFf5gzLO,,,,,39.75090027,-86.19239807,anonymous,EN,A35AJVC881HHCQ,,,,,,,,,0,0,37.385,0,Touch it,12.215,12.215,12.973,1,Stay away,1.248,10.18,16.394,3,Bucket,6.433,6.433,6.96,1,Truck,4.887,22.55,23.995,2,no,yes,language study,,Three,397167,NoCue,ProhTouch|NonexiTruck|ProhAway|NonexiBucket,BeiYes|ShaNo
5/8/19 0:33,5/8/19 0:36,IP Address,70.181.89.205,100,181,TRUE,5/8/19 0:36,R_1hWFpKPIdd9wYO7,,,,,33.58790588,-117.697403,anonymous,EN,A2IJJOV2S8AYLW,0,0,37.825,0,,,,,,,,,Touch it,4.295,8.495,9.85,2,Stay away,4.477,5.531,6.445,2,Bucket,21.136,23.553,30.643,3,Truck,8.428,9.986,12.559,3,no,yes,about if people can understand simple words from context.,no comments,Three,683434,Cong,NonexiBucket|ProhTouch|ProhAway|NonexiTruck,ShaNo|BeiYes
5/8/19 0:29,5/8/19 0:43,IP Address,54.89.38.25,100,847,TRUE,5/8/19 0:43,R_1i9xf2aD4mEDSR9,,,,,39.0480957,-77.47280121,anonymous,EN,AF0827YF2VODL,,,,,0,0,41.768,0,,,,,Touch it,42.044,42.044,43.403,1,Touch it,447.891,447.891,449.597,1,Truck,3.139,8.171,10.117,2,Truck,12.084,12.084,13.828,1,stay away,touch it,video about 2 people,nice,Three,386390,Incong,NonexiTruck|NonexiBucket|ProhTouch|ProhAway,ShaNo|BeiYes
5/8/19 0:41,5/8/19 0:45,IP Address,71.128.166.157,100,231,TRUE,5/8/19 0:45,R_WAwRF5OlX8l4hYB,,,,,36.30659485,-86.61009979,anonymous,EN,A1XIJE772WYRNJ,,,,,0,0,49.002,0,,,,,Stay away,5.353,16.101,17.59,2,Touch it,5.584,5.584,6.929,1,Truck,11.452,12.513,14.755,2,Bucket,29.635,33.14,34.295,2,Yes,No,I'm unsure but it was fun to do,,Three,859395,Incong,NonexiTruck|ProhTouch|ProhAway|NonexiBucket,BeiYes|ShaNo
5/8/19 0:28,5/8/19 0:46,IP Address,69.23.126.29,100,1091,TRUE,5/8/19 0:46,R_1C7sczNoNeOzUwI,,,,,39.14840698,-94.56860352,anonymous,EN,A2PUL3ZDXOW0VZ,0,0,44.626,0,,,,,,,,,Touch it,32.72,32.72,35.057,1,Stay away,10.007,10.007,12.993,1,Bucket,13.172,13.172,15.159,1,Truck,27.237,38.66,40.357,2,No,Yes,Learning languages?,,Three,498964,Cong,ProhTouch|NonexiTruck|ProhAway|NonexiBucket,BeiYes|ShaNo
5/8/19 0:59,5/8/19 1:10,IP Address,192.171.19.130,100,661,TRUE,5/8/19 1:10,R_1M6EfRm32Hko3iu,,,,,25.78059387,-80.18260193,anonymous,EN,A3HB980XHBF7RA,116.023,116.023,173.83,1,,,,,,,,,Touch it,30.29,32.691,33.316,3,Stay away,1.964,4.628,5.646,3,Truck,1.147,1.147,1.99,1,Truck,42.412,42.412,43.63,1,Right,To the left,Language recognition,No,Three,463713,Cong,NonexiTruck|ProhTouch|NonexiBucket|ProhAway,BeiYes|ShaNo
5/8/19 1:09,5/8/19 1:13,IP Address,212.58.102.68,100,200,TRUE,5/8/19 1:13,R_3sza7btAdGne4yg,,,,,41.69410706,44.83369446,anonymous,EN,A1L609S2309PH9,,,,,,,,,0,0,40.323,0,Touch it,9.116,14.752,15.536,2,Stay away,6.292,14.878,15.71,2,Bucket,5.616,16.372,16.946,2,Truck,25.657,34.369,35.175,2,no,yes,no idea,,Three,880252,NoCue,NonexiTruck|ProhAway|NonexiBucket|ProhTouch,ShaNo|BeiYes
5/8/19 1:13,5/8/19 1:22,IP Address,75.102.39.152,100,527,TRUE,5/8/19 1:22,R_1Qo7ZA4mjv0y4xz,,,,,34.71490479,-81.21859741,anonymous,EN,AL68ETF0OBLU4,,,,,,,,,4.267,211.258,242.807,5,Touch it,6.326,6.326,7.074,1,Stay away,5.372,5.372,6.253,1,Bucket,9.393,9.393,11.525,1,Truck,22.279,25.935,26.764,2,No,Yes,Language learning,Fun survey!,Three,706220,NoCue,NonexiTruck|NonexiBucket|ProhTouch|ProhAway,BeiYes|ShaNo
5/8/19 1:29,5/8/19 1:32,IP Address,73.180.56.165,100,161,TRUE,5/8/19 1:32,R_W9AtEIuwnlIGMkV,,,,,44.59280396,-123.2745972,anonymous,EN,A31NILFUEWAOSJ,,,,,0,0,46.368,0,,,,,Touch it,7.614,7.614,11.36,1,Stay away,1.388,4.899,5.895,2,Bucket,3.965,4.464,5.356,2,Truck,18.659,18.659,20.734,1,No,Yes,Perceptions of word meaning.,,Three,58811,Incong,ProhTouch|ProhAway|NonexiTruck|NonexiBucket,BeiYes|ShaNo