StartDate,EndDate,Status,IPAddress,Progress,Duration (in seconds),Finished,RecordedDate,ResponseId,RecipientLastName,RecipientFirstName,RecipientEmail,ExternalReference,LocationLatitude,LocationLongitude,DistributionChannel,UserLanguage,workerID,CongTime_First Click,CongTime_Last Click,CongTime_Page Submit,CongTime_Click Count,IncongTime_First Click,IncongTime_Last Click,IncongTime_Page Submit,IncongTime_Click Count,NoCueTime_First Click,NoCueTime_Last Click,NoCueTime_Page Submit,NoCueTime_Click Count,ProhTouch,ProhTouchTime_First Click,ProhTouchTime_Last Click,ProhTouchTime_Page Submit,ProhTouchTime_Click Count,ProhAway,ProhAwayTime_First Click,ProhAwayTime_Last Click,ProhAwayTime_Page Submit,ProhAwayTime_Click Count,NonexiTruck,NonexiTruckTime_First Click,NonexiTruckTime_Last Click,NonexiTruckTime_Page Submit,NonexiTruckTime_Click Count,NonexiBucket,NonexiBucketTime_First Click,NonexiBucketTime_Last Click,NonexiBucketTime_Page Submit,NonexiBucketTime_Click Count,DenialDaxy,DenialDaxyTime_First Click,DenialDaxyTime_Last Click,DenialDaxyTime_Page Submit,DenialDaxyTime_Click Count,DenialZupy,DenialZupyTime_First Click,DenialZupyTime_Last Click,DenialZupyTime_Page Submit,DenialZupyTime_Click Count,Sha,Bei,StudyGoal,comment,catch,mTurkCode,FL_13_DO,FL_9_DO,WordMeaning_DO
Start Date,End Date,Response Type,IP Address,Progress,Duration (in seconds),Finished,Recorded Date,Response ID,Recipient Last Name,Recipient First Name,Recipient Email,External Data Reference,Location Latitude,Location Longitude,Distribution Channel,User Language,Please enter your worker ID:,Timing - First Click,Timing - Last Click,Timing - Page Submit,Timing - Click Count,Timing - First Click,Timing - Last Click,Timing - Page Submit,Timing - Click Count,Timing - First Click,Timing - Last Click,Timing - Page Submit,Timing - Click Count,"David wants to know if he is allowed to touch the object below. 


Mom says: 

(please click the triangle).


Should David stay away from it? Or is it okay for him to touch it?",Timing - First Click,Timing - Last Click,Timing - Page Submit,Timing - Click Count,"David wants to know if he is allowed to touch the object below. 

Mom says:

(please click the triangle)


Should David stay away from it? Or is it okay for him to touch it?",Timing - First Click,Timing - Last Click,Timing - Page Submit,Timing - Click Count,"Mom put another object either in the truck or in the bucket below. 

David wants to know where it is.


David asks: ""Is it in the truck?""

Mom says:

  (please click the triangle)


Where is the object? In the truck or in the bucket?",Timing - First Click,Timing - Last Click,Timing - Page Submit,Timing - Click Count,"Mom put another object either in the truck or in the bucket below. 

David wants to know where it is.


David asks: ""Is it in the truck?""

Mom says:

  (please click the triangle)


Where is the object? In the truck or in the bucket?",Timing - First Click,Timing - Last Click,Timing - Page Submit,Timing - Click Count,"The object below is either zupy or daxy (i.e., a novel property of the object).

 

David asks: ""Is it zupy?""

Mom says:

  (please click the triangle)

 

Is it zupy or daxy?",Timing - First Click,Timing - Last Click,Timing - Page Submit,Timing - Click Count,"The object below is either zupy or daxy (i.e., a novel property of the object).

 

David asks: ""Is it zupy?""

Mom says:

  (please click the triangle)

 

Is it zupy or daxy?",Timing - First Click,Timing - Last Click,Timing - Page Submit,Timing - Click Count,"What do you think the word ""Sha"" (  ) means?","What do you think the word ""Bei"" (

) means?",What do you think the study is about?,Do you have any comment or suggestion about the study?,Please select 3 for the question.,mTurkCode,FL_13 - Block Randomizer - Display Order,FL_9 - Block Randomizer - Display Order,WordMeaning - Display Order
"{""ImportId"":""startDate"",""timeZone"":""America/Denver""}","{""ImportId"":""endDate"",""timeZone"":""America/Denver""}","{""ImportId"":""status""}","{""ImportId"":""ipAddress""}","{""ImportId"":""progress""}","{""ImportId"":""duration""}","{""ImportId"":""finished""}","{""ImportId"":""recordedDate"",""timeZone"":""America/Denver""}","{""ImportId"":""_recordId""}","{""ImportId"":""recipientLastName""}","{""ImportId"":""recipientFirstName""}","{""ImportId"":""recipientEmail""}","{""ImportId"":""externalDataReference""}","{""ImportId"":""locationLatitude""}","{""ImportId"":""locationLongitude""}","{""ImportId"":""distributionChannel""}","{""ImportId"":""userLanguage""}","{""ImportId"":""QID25_TEXT""}","{""ImportId"":""QID21_FIRST_CLICK""}","{""ImportId"":""QID21_LAST_CLICK""}","{""ImportId"":""QID21_PAGE_SUBMIT""}","{""ImportId"":""QID21_CLICK_COUNT""}","{""ImportId"":""QID22_FIRST_CLICK""}","{""ImportId"":""QID22_LAST_CLICK""}","{""ImportId"":""QID22_PAGE_SUBMIT""}","{""ImportId"":""QID22_CLICK_COUNT""}","{""ImportId"":""QID24_FIRST_CLICK""}","{""ImportId"":""QID24_LAST_CLICK""}","{""ImportId"":""QID24_PAGE_SUBMIT""}","{""ImportId"":""QID24_CLICK_COUNT""}","{""ImportId"":""QID5""}","{""ImportId"":""QID6_FIRST_CLICK""}","{""ImportId"":""QID6_LAST_CLICK""}","{""ImportId"":""QID6_PAGE_SUBMIT""}","{""ImportId"":""QID6_CLICK_COUNT""}","{""ImportId"":""QID10""}","{""ImportId"":""QID12_FIRST_CLICK""}","{""ImportId"":""QID12_LAST_CLICK""}","{""ImportId"":""QID12_PAGE_SUBMIT""}","{""ImportId"":""QID12_CLICK_COUNT""}","{""ImportId"":""QID7""}","{""ImportId"":""QID13_FIRST_CLICK""}","{""ImportId"":""QID13_LAST_CLICK""}","{""ImportId"":""QID13_PAGE_SUBMIT""}","{""ImportId"":""QID13_CLICK_COUNT""}","{""ImportId"":""QID11""}","{""ImportId"":""QID14_FIRST_CLICK""}","{""ImportId"":""QID14_LAST_CLICK""}","{""ImportId"":""QID14_PAGE_SUBMIT""}","{""ImportId"":""QID14_CLICK_COUNT""}","{""ImportId"":""QID29""}","{""ImportId"":""QID31_FIRST_CLICK""}","{""ImportId"":""QID31_LAST_CLICK""}","{""ImportId"":""QID31_PAGE_SUBMIT""}","{""ImportId"":""QID31_CLICK_COUNT""}","{""ImportId"":""QID30""}","{""ImportId"":""QID32_FIRST_CLICK""}","{""ImportId"":""QID32_LAST_CLICK""}","{""ImportId"":""QID32_PAGE_SUBMIT""}","{""ImportId"":""QID32_CLICK_COUNT""}","{""ImportId"":""QID15_TEXT""}","{""ImportId"":""QID16_TEXT""}","{""ImportId"":""QID17_TEXT""}","{""ImportId"":""QID18_TEXT""}","{""ImportId"":""QID28""}","{""ImportId"":""mTurkCode""}","{""ImportId"":""FL_13_DO""}","{""ImportId"":""FL_9_DO""}","{""ImportId"":""BL_248dtBvp5GylimN_DO""}"
2019-06-01 00:20:21,2019-06-01 00:26:25,Survey Preview,,100,364,True,2019-06-01 00:26:26,R_2RPRpCE0xRcHkQS,,,,,37.385894775390625,-122.08819580078125,preview,EN,,,,,,0,0,38.417,0,,,,,,0,0,0.83,0,,0,0,5.582,0,,0,0,2.649,0,,0,0,0.775,0,,0,0,0.798,0,,0,0,0.811,0,,,,,,428464,Incong,ProhAway|NonexiTruck|NonexiBucket|DenialZupy|ProhTouch|DenialDaxy,Bei|Sha
2019-06-01 00:28:45,2019-06-01 00:31:06,IP Address,63.141.56.45,100,140,True,2019-06-01 00:31:06,R_3nNrttxeRZ59TEs,,,,,37.779693603515625,-122.41590118408203125,anonymous,EN,A3OC0ZHZBEPEA3,,,,,0,0,48.269,0,,,,,Stay away,2.642,2.642,3.915,1,Stay away,1.916,3.444,4.238,3,Bucket,2.026,2.961,4.109,2,Bucket,1.615,1.615,2.522,1,Zupy,1.092,1.092,2.424,1,Zupy,1.58,1.58,2.789,1,me,you,me,,Three,417362,Incong,ProhAway|DenialDaxy|NonexiTruck|DenialZupy|NonexiBucket|ProhTouch,Sha|Bei
2019-06-01 00:28:28,2019-06-01 00:31:44,IP Address,157.51.98.57,100,196,True,2019-06-01 00:31:46,R_3M6fW0OOoAe9n45,,,,,10.990997314453125,76.966705322265625,anonymous,EN,A18M6DPI4MIRFV,29.831,29.871,36.385,2,,,,,,,,,Stay away,1.273,2.265,3.104,3,Touch it,0.821,4.935,5.86,5,Bucket,1.623,2.275,3.068,2,Bucket,1.15,1.19,1.835,2,Zupy,2.688,2.688,3.435,1,Daxy,1.188,1.188,1.725,1,name,thinks name,good,nice survey,Three,774405,Cong,DenialDaxy|DenialZupy|ProhAway|NonexiBucket|NonexiTruck|ProhTouch,Sha|Bei
2019-06-01 00:28:42,2019-06-01 00:31:51,IP Address,24.49.56.194,100,189,True,2019-06-01 00:31:52,R_2aTKYdy5zEq3Lod,,,,,39.6573028564453125,-77.69210052490234375,anonymous,EN,A4SC8G0149GEG,,,,,,,,,9.315,9.315,37.078,1,Touch it,3.38,4.386,5.336,2,Stay away,4.708,20.156,24.225,2,Truck,3.642,3.642,5.375,1,Bucket,3.412,3.412,4.895,1,Daxy,4.923,20.011,20.348,4,Zupy,3.054,4.741,5.499,3,No,Yes,To examine how people perceive a foreign language.,Everything was clear and easy to understand.,Three,446840,NoCue,ProhAway|DenialDaxy|ProhTouch|NonexiTruck|DenialZupy|NonexiBucket,Bei|Sha
2019-06-01 00:28:29,2019-06-01 00:32:15,IP Address,68.7.50.239,100,225,True,2019-06-01 00:32:16,R_VIJWqiXTbgqxhhD,,,,,32.791595458984375,-116.97100067138671875,anonymous,EN,A2SCNPXHXLGYJJ,,,,,,,,,0,0,42.786,0,Touch it,6.099,10.949,13.643,2,Stay away,8.67,12.642,14.56,2,Truck,15.386,27.469,29.076,3,Bucket,7.781,7.781,10.293,1,Daxy,3.302,5.441,10.474,2,Zupy,4.441,6.45,8.063,2,No,Yes,Understanding a language according to actions.,Very simple.,Three,766870,NoCue,NonexiTruck|DenialZupy|ProhTouch|DenialDaxy|NonexiBucket|ProhAway,Bei|Sha
2019-06-01 00:29:25,2019-06-01 00:32:19,IP Address,104.243.255.57,100,174,True,2019-06-01 00:32:19,R_W0WbXpdnLeNMWml,,,,,32.7787017822265625,-96.8217010498046875,anonymous,EN,AW2XWG1NUYMR5,,,,,,,,,0,0,45.262,0,Touch it,7.289,7.289,8.246,1,Stay away,3.366,4.416,5.289,2,Bucket,3.474,3.922,4.995,2,Truck,8.721,8.721,12.76,1,Daxy,4.587,4.587,5.691,1,Zupy,15.956,15.956,18.419,1,no,yes,"About our ability to learn an imaginary language. ",,Three,580489,NoCue,DenialZupy|ProhTouch|DenialDaxy|ProhAway|NonexiBucket|NonexiTruck,Bei|Sha
2019-06-01 00:29:11,2019-06-01 00:33:03,IP Address,74.123.23.214,100,232,True,2019-06-01 00:33:04,R_1Q6MAA23VfjNBVI,,,,,35.3468017578125,-86.220001220703125,anonymous,EN,A1Y8O0YZ8YF90H,,,,,,,,,0,0,41.593,0,Touch it,4.469,4.469,5.625,1,Stay away,7.967,10.195,11.512,2,Bucket,18.909,30.412,31.67,3,Truck,2.951,2.951,4.228,1,Zupy,19.037,19.037,20.24,1,Daxy,1.997,3.116,4.244,2,yes,no,I honestly have no idea.,nope.,Three,746769,NoCue,ProhAway|NonexiTruck|DenialDaxy|NonexiBucket|ProhTouch|DenialZupy,Bei|Sha
2019-06-01 00:30:38,2019-06-01 00:33:13,IP Address,100.37.101.232,100,154,True,2019-06-01 00:33:14,R_2f0BpQiGLngpHgv,,,,,40.78070068359375,-73.78119659423828125,anonymous,EN,A19LVWX8ZLO6CS,,,,,,,,,0,0,79.649,0,Touch it,4.515,4.515,6.46,1,Stay away,0.511,4.023,5.1,2,Truck,2.845,2.845,3.783,1,Bucket,2.315,2.705,4.188,2,Daxy,12.44,12.44,13.499,1,Zupy,2.709,2.709,3.524,1,no,yes,,,Three,759246,NoCue,ProhTouch|DenialDaxy|NonexiTruck|DenialZupy|NonexiBucket|ProhAway,Bei|Sha
2019-06-01 00:28:52,2019-06-01 00:33:33,IP Address,70.162.247.152,100,280,True,2019-06-01 00:33:34,R_emkFbLvlmbU2lNv,,,,,33.6613006591796875,-112.03980255126953125,anonymous,EN,AQ6U2NCN0MLO3,0,0,70.004,0,,,,,,,,,Touch it,14.766,20.79,21.67,3,Stay away,6.901,6.901,7.927,1,Truck,4.111,25.866,27.649,2,Bucket,5.543,13.804,15.108,4,Daxy,3.467,4.429,5.264,2,Zupy,5.57,5.57,6.679,1,no,yes,learning commands in another language,,Three,612166,Cong,ProhTouch|NonexiTruck|DenialZupy|NonexiBucket|ProhAway|DenialDaxy,Bei|Sha
2019-06-01 00:29:24,2019-06-01 00:33:37,IP Address,122.53.168.14,100,252,True,2019-06-01 00:33:37,R_1GV0mAlXVqgqDLK,,,,,14.12860107421875,120.905792236328125,anonymous,EN,A1HNR6OIRFCEHS,6.329,6.329,68.641,1,,,,,,,,,Touch it,1.884,8.396,9.252,5,Stay away,2.194,4.881,5.746,2,Truck,5.097,29.905,33.703,10,Truck,1.534,19.174,20.004,10,Daxy,3.663,7.263,8.222,2,Zupy,1.491,4.195,5.69,2,No,Yes,Understanding one person without knowing their language itself.,None for now.,Three,679813,Cong,NonexiTruck|DenialDaxy|DenialZupy|NonexiBucket|ProhTouch|ProhAway,Bei|Sha
2019-06-01 00:32:04,2019-06-01 00:34:16,IP Address,23.241.181.129,100,132,True,2019-06-01 00:34:17,R_1LLoTa4UIEJxAym,,,,,33.8242034912109375,-118.26800537109375,anonymous,EN,ASNMT3I94HZ44,,,,,,,,,0,0,36.382,0,Touch it,4.514,4.877,5.898,2,Stay away,6.261,6.261,7.862,1,Truck,3.468,4.919,5.6,2,Bucket,9.397,20.15,21.26,2,Daxy,3.744,3.744,4.509,1,Zupy,3.267,3.267,4.698,1,No,Yes,How well we can learn with context clues,None,Three,332648,NoCue,NonexiBucket|NonexiTruck|ProhTouch|DenialDaxy|DenialZupy|ProhAway,Bei|Sha
2019-06-01 00:31:50,2019-06-01 00:34:21,IP Address,73.73.187.59,100,151,True,2019-06-01 00:34:22,R_1cVbwLCnYzbqu4y,,,,,41.8000946044921875,-87.92870330810546875,anonymous,EN,A32QBXDPHHSTOD,,,,,,,,,0,0,39.149,0,Touch it,2.238,4.918,5.616,2,Stay away,2.588,3.939,4.949,2,Truck,1.326,5.174,8.204,2,Bucket,1.221,3.197,4.502,3,Daxy,5.475,13.745,15.348,2,Zupy,0.791,2.654,3.552,2,No,Yes,How we find patterns in words and actions.,,Three,788699,NoCue,DenialDaxy|NonexiTruck|DenialZupy|ProhAway|NonexiBucket|ProhTouch,Sha|Bei
2019-06-01 00:29:21,2019-06-01 00:34:22,IP Address,98.171.120.183,100,300,True,2019-06-01 00:34:22,R_3iCHzUXyHytrV6s,,,,,33.3123931884765625,-111.91950225830078125,anonymous,EN,AF18OIZ0GWGP2,2.107,2.107,42.3,1,,,,,,,,,Touch it,4.672,5.871,7.864,2,Stay away,6.993,12.325,13.397,3,Truck,9.26,13.945,15.092,4,Bucket,6.587,8.624,9.815,3,Daxy,3.524,5.187,6.779,2,Zupy,3.877,4.907,7.467,2,No,Yes,How people use actions and cues to figure out unknown words.,,Three,324652,Cong,NonexiTruck|ProhAway|DenialZupy|NonexiBucket|DenialDaxy|ProhTouch,Sha|Bei
2019-06-01 00:30:14,2019-06-01 00:34:24,IP Address,46.32.87.163,100,250,True,2019-06-01 00:34:24,R_6zXgHoWQDaNDAel,,,,,59.898101806640625,30.26190185546875,anonymous,EN,A2VQJP2NB4L3G9,,,,,0,0,37.928,0,,,,,Stay away,9.829,12.549,14.361,2,Stay away,4.743,8.168,21.719,2,Truck,4.878,11.874,20.488,2,Truck,4.068,14.767,16.656,2,Daxy,31.039,38.549,41.526,2,Daxy,3.749,6.417,9.133,2,No,Yes,It was quite confusing study,No,Three,886570,Incong,DenialDaxy|NonexiTruck|ProhTouch|DenialZupy|NonexiBucket|ProhAway,Sha|Bei
2019-06-01 00:31:11,2019-06-01 00:34:38,IP Address,71.62.173.52,100,206,True,2019-06-01 00:34:40,R_1rCiJbgMpJILvOy,,,,,39.1501007080078125,-78.2689971923828125,anonymous,EN,A357AENUEQIZMY,0,0,38.53,0,,,,,,,,,Touch it,4.821,8.599,9.584,2,Stay away,4.374,4.374,6.707,1,Truck,7.741,13.047,16.951,2,Bucket,3.211,3.211,4.453,1,Daxy,2.86,2.86,4.092,1,Zupy,3.82,5.084,9.038,2,No,Yes,"If people can understand basic directions like ""yes"" or ""no"" based on tone of voice and reactions without being told what those words mean.",,Three,114912,Cong,NonexiTruck|ProhTouch|DenialZupy|ProhAway|DenialDaxy|NonexiBucket,Bei|Sha
2019-06-01 00:30:00,2019-06-01 00:34:44,IP Address,110.54.251.79,100,283,True,2019-06-01 00:34:44,R_3lRHAw6eaGqkpYY,,,,,14.5666961669921875,120.983306884765625,anonymous,EN,ASVRLMDNQBUD9,,,,,,,,,0,0,48.24,0,Touch it,6.796,6.796,8.868,1,Stay away,10.413,10.413,11.305,1,Truck,17.574,19.853,20.725,2,Bucket,5.752,5.752,7.635,1,Zupy,31.469,33.3,34.418,2,Daxy,10.185,10.185,11.547,1,no,yes,"Linguistics ",seemed a little confusing.,Three,116584,NoCue,DenialDaxy|ProhAway|NonexiTruck|NonexiBucket|DenialZupy|ProhTouch,Sha|Bei
2019-06-01 00:29:22,2019-06-01 00:35:41,IP Address,71.83.206.96,100,379,True,2019-06-01 00:35:42,R_234aCh7b5U1ugn1,,,,,34.2165985107421875,-117.39080047607421875,anonymous,EN,A2H4NZ47YOBP85,,,,,9.032,9.032,46.536,1,,,,,Stay away,10.295,19.149,20.306,4,Touch it,4.551,11.557,12.578,4,Bucket,4.276,11.002,11.789,4,Truck,16.849,24.54,26.095,3,Zupy,7.124,10.97,12.629,3,Daxy,16.078,37.692,40.003,6,sure,No,To Understand the language the mom is saying,no,Three,730905,Incong,DenialZupy|ProhTouch|NonexiBucket|ProhAway|DenialDaxy|NonexiTruck,Sha|Bei
2019-06-01 00:31:31,2019-06-01 00:35:41,IP Address,76.117.217.130,100,249,True,2019-06-01 00:35:42,R_2VRckcTfczvvv71,,,,,40.088104248046875,-74.11949920654296875,anonymous,EN,A1UAYZY1GUN3I2,,,,,0,0,37.231,0,,,,,Stay away,6.324,6.324,10.834,1,Touch it,11.199,11.199,13.238,1,Bucket,9.565,9.565,13.916,1,Truck,6.215,6.215,8.398,1,Zupy,5.148,24.572,25.819,3,Daxy,5.397,5.397,6.844,1,Yes,No,Understanding a language we don't know from clues,Very cool!,Three,866812,Incong,ProhAway|ProhTouch|DenialDaxy|DenialZupy|NonexiTruck|NonexiBucket,Bei|Sha
2019-06-01 00:31:18,2019-06-01 00:35:43,IP Address,75.108.55.13,100,264,True,2019-06-01 00:35:44,R_3KqrBSwCA9c2OVG,,,,,35.62060546875,-77.39440155029296875,anonymous,EN,A247LQ2UQW4LH0,0,0,44.005,0,,,,,,,,,Touch it,3.412,8.589,10.068,8,Stay away,8.374,11.382,12.798,4,Truck,15.544,28.292,29.553,9,Bucket,2.852,7.198,10.501,6,Daxy,3.261,8.238,9.05,7,Zupy,9.688,15.754,17.196,8,No,Yes,To see if I understand another language my the moms expression and the child's actions,,Three,503906,Cong,NonexiTruck|DenialZupy|NonexiBucket|ProhAway|DenialDaxy|ProhTouch,Sha|Bei
2019-06-01 00:32:00,2019-06-01 00:35:48,IP Address,198.27.205.232,100,228,True,2019-06-01 00:35:49,R_9RcBE9fSpAjrCMh,,,,,37.756195068359375,-122.486602783203125,anonymous,EN,A1PEA7YDSWUGUD,1.557,4.321,38.69,2,,,,,,,,,Touch it,5.511,8.726,9.748,4,Stay away,3.61,12.097,13.712,5,Truck,5.16,8.778,9.997,3,Bucket,7.368,36.551,37.991,6,Daxy,6.002,9.065,10.268,3,Zupy,3.76,8.353,9.52,4,No,Yes,About learning.,,Three,192673,Cong,NonexiBucket|NonexiTruck|DenialDaxy|ProhAway|ProhTouch|DenialZupy,Sha|Bei
2019-06-01 00:29:51,2019-06-01 00:36:23,IP Address,216.151.191.82,100,392,True,2019-06-01 00:36:24,R_xarH2AjengjR44h,,,,,38.917205810546875,-77.07089996337890625,anonymous,EN,A17U82YPDOT3CW,0,0,64.526,0,,,,,,,,,Touch it,2.489,3.259,3.902,2,Touch it,4.066,4.066,4.796,1,Bucket,3.9,5.447,6.398,3,Truck,1.822,2.295,3.453,2,Zupy,14.902,25.519,27.558,4,Daxy,3.497,5.855,6.794,2,Yes,No,Watching video to learn,,Three,768988,Cong,DenialDaxy|NonexiTruck|DenialZupy|ProhAway|ProhTouch|NonexiBucket,Sha|Bei
2019-06-01 00:32:01,2019-06-01 00:36:40,IP Address,71.231.189.51,100,279,True,2019-06-01 00:36:41,R_3NJMbc1g2pMzuEG,,,,,47.497406005859375,-122.0106964111328125,anonymous,EN,A37W0GRXSM04LX,,,,,20.102,20.102,60.688,1,,,,,Touch it,10.419,10.419,12.808,1,Touch it,12.833,12.833,16.091,1,Bucket,13.663,15.91,16.533,3,Truck,5.041,5.041,8.176,1,Zupy,8.344,8.344,11.927,1,Zupy,21.434,21.434,26.441,1,yes,no,How inflection and emotion of expression conveys meaning,no,Three,353091,Incong,DenialZupy|ProhAway|DenialDaxy|ProhTouch|NonexiBucket|NonexiTruck,Sha|Bei
2019-06-01 00:33:34,2019-06-01 00:36:57,IP Address,104.3.34.3,100,202,True,2019-06-01 00:36:58,R_2SkQq4dXAiVVKX3,,,,,31.34429931640625,-89.218902587890625,anonymous,EN,A18OBX861W8HB8,,,,,,,,,0,0,46.123,0,Touch it,4.366,4.366,6.575,1,Stay away,7.369,9.178,16.799,2,Truck,18.57,18.57,23.152,1,Bucket,4.521,6.515,7.311,3,Daxy,5.824,8.966,11.142,2,Zupy,4.592,6.14,7.635,2,No,Yeah,Associating sounds with actions?,No,Three,110684,NoCue,NonexiTruck|DenialDaxy|DenialZupy|ProhAway|ProhTouch|NonexiBucket,Sha|Bei
2019-06-01 00:34:17,2019-06-01 00:37:22,IP Address,76.181.2.146,100,185,True,2019-06-01 00:37:23,R_1gO254iWDK9fy7L,,,,,39.40570068359375,-87.4026031494140625,anonymous,EN,A36MOV8E6SYHCR,,,,,1.704,2.352,41.954,2,,,,,Stay away,1.022,31.374,32.159,13,Touch it,2.737,6.74,7.514,4,Bucket,3.265,6.034,6.749,3,Truck,6.054,10.662,11.403,5,Zupy,3.06,5.942,6.782,3,Daxy,3.727,7.125,7.783,3,sure,no,learning language expressions,no,Three,557010,Incong,ProhTouch|NonexiBucket|DenialZupy|ProhAway|DenialDaxy|NonexiTruck,Sha|Bei
2019-06-01 00:32:51,2019-06-01 00:37:41,IP Address,142.196.93.204,100,290,True,2019-06-01 00:37:42,R_23f2j0u0VnuTIL8,,,,,29.11590576171875,-82.2422027587890625,anonymous,EN,A1BSQCSMHETKF2,,,,,,,,,0,0,37.852,0,Touch it,9.001,9.001,10.582,1,Stay away,3.547,10.453,10.99,3,Truck,4.938,5.502,7.842,2,Bucket,4.795,5.633,7.847,2,Daxy,9.419,9.419,10.526,1,Zupy,7.674,31.777,35.288,4,no,yes,"I think it's interesting. Reminds me of when I'm out and about and although English is my native language and I don't speak other languages with proficiency I do know ""yes"" and ""no"" in other languages and this study reminds me of this.  ",no,Three,629905,NoCue,DenialZupy|DenialDaxy|ProhTouch|ProhAway|NonexiTruck|NonexiBucket,Bei|Sha
2019-06-01 00:34:25,2019-06-01 00:37:59,IP Address,24.45.7.187,100,213,True,2019-06-01 00:38:00,R_OE7EhZa57bmh86l,,,,,40.8446044921875,-74.57489776611328125,anonymous,EN,A3BHRFFG75X3GO,0,0,39.191,0,,,,,,,,,Touch it,5.073,10.132,11.468,2,Stay away,3.689,7.996,10.807,2,Truck,15.451,17.442,18.914,2,Bucket,20.824,27.2,33.454,3,Daxy,3.827,10.359,12.894,2,Zupy,5.951,5.951,7.662,1,no,yes,learning languages,no,Three,680135,Cong,NonexiBucket|ProhTouch|NonexiTruck|DenialDaxy|DenialZupy|ProhAway,Bei|Sha
2019-06-01 00:34:42,2019-06-01 00:38:03,IP Address,104.32.250.3,100,201,True,2019-06-01 00:38:04,R_3OldA07tumz2zmN,,,,,34.144805908203125,-118.36669921875,anonymous,EN,A1M150KRGG2OYB,,,,,,,,,0,0,41.903,0,Touch it,7.556,7.556,10.001,1,Stay away,4.672,4.672,6.566,1,Truck,18.3,18.3,20.232,1,Bucket,6.959,6.959,8.057,1,Daxy,12.844,12.844,14.297,1,Zupy,9.839,9.839,11.189,1,No,Yes,Ability to understand another language,,Three,683368,NoCue,NonexiTruck|ProhTouch|DenialDaxy|DenialZupy|ProhAway|NonexiBucket,Sha|Bei
2019-06-01 00:30:31,2019-06-01 00:38:34,IP Address,72.178.2.198,100,483,True,2019-06-01 00:38:35,R_3fGAkkrv6juL5f5,,,,,31.837799072265625,-106.53800201416015625,anonymous,EN,A1X0IC6CG46MYX,,,,,0,0,37.532,0,,,,,Touch it,4.617,4.617,5.456,1,Stay away,5.714,5.714,8.687,1,Truck,4.499,4.499,5.494,1,Bucket,5.742,5.742,6.571,1,Daxy,3.999,3.999,5.303,1,Zupy,7.116,8.659,9.748,3,Take away,yes,Different language communication,NA,Three,511899,Incong,DenialZupy|ProhAway|NonexiBucket|ProhTouch|NonexiTruck|DenialDaxy,Bei|Sha
2019-06-01 00:36:03,2019-06-01 00:38:35,IP Address,68.55.135.26,100,151,True,2019-06-01 00:38:36,R_2cBCf4aXy4gKJI5,,,,,42.51800537109375,-83.15760040283203125,anonymous,EN,A1NAJGGNAI74Y2,0,0,37.601,0,,,,,,,,,Touch it,4.918,5.694,6.336,2,Stay away,4.837,4.837,5.533,1,Truck,8.918,14.27,15.926,2,Bucket,3.704,3.704,5.279,1,Daxy,4.573,4.573,6.668,1,Zupy,6.259,6.259,9.14,1,No,Yes,,,Three,747495,Cong,NonexiTruck|DenialZupy|NonexiBucket|ProhTouch|DenialDaxy|ProhAway,Sha|Bei
2019-06-01 00:28:42,2019-06-01 00:38:41,IP Address,76.126.46.13,100,598,True,2019-06-01 00:38:41,R_3KqEItk8vYp1dNz,,,,,37.2821044921875,-121.83100128173828125,anonymous,EN,A116OAFV8H2FGX,,,,,0,0,36.163,0,,,,,Stay away,3.759,10.842,15.639,3,Touch it,9.733,10.107,10.77,2,Bucket,10.892,21.62,22.31,3,Truck,3.385,6.759,7.758,3,Daxy,1.615,2.785,4.217,2,Daxy,3.531,6.122,7.783,2,yes,no,"How we see facial and sound expressions? ",,Three,763112,Incong,NonexiTruck|DenialZupy|ProhAway|DenialDaxy|ProhTouch|NonexiBucket,Sha|Bei
2019-06-01 00:33:13,2019-06-01 00:38:42,IP Address,67.48.172.218,100,328,True,2019-06-01 00:38:42,R_32QsfJj9xoFsKGt,,,,,26.18310546875,-97.74680328369140625,anonymous,EN,A1G4KEJFGFDGI9,0,0,39.537,0,,,,,,,,,Touch it,6.996,10.58,11.818,3,Touch it,64.556,66.692,67.662,2,Bucket,4.797,4.797,7.576,1,Truck,9.758,13.6,16.954,3,Zupy,17.46,78.3,79.646,6,Daxy,5.503,5.503,8.764,1,Yes,No,tones understood despite languages,n/a,Three,850501,Cong,DenialDaxy|NonexiBucket|DenialZupy|ProhAway|NonexiTruck|ProhTouch,Bei|Sha
2019-06-01 00:33:06,2019-06-01 00:38:55,IP Address,172.56.34.157,100,349,True,2019-06-01 00:38:56,R_1MREWvdsqJFvgOx,,,,,40.8343048095703125,-73.92350006103515625,anonymous,EN,"A34ILETXFLY5KX ",0,0,73.425,0,,,,,,,,,,1.476,1.476,7.147,1,,1.303,1.303,4.249,1,Truck,1.431,36.103,37.161,13,,9.453,57.091,57.9,28,,2.33,16.963,17.588,13,,1.009,54.914,57.022,50,,,,,,8528,Cong,NonexiBucket|ProhTouch|NonexiTruck|DenialDaxy|DenialZupy|ProhAway,Sha|Bei
2019-06-01 00:35:13,2019-06-01 00:39:26,IP Address,71.192.157.189,100,252,True,2019-06-01 00:39:26,R_qWJcpMKIFi2rShz,,,,,42.5482940673828125,-71.90959930419921875,anonymous,EN,A1IYHQPPOACU83,,,,,,,,,0,0,54.792,0,Touch it,9.076,18.589,20.994,2,Stay away,4.773,8.014,9.69,2,Truck,3.947,8.539,10.56,2,Bucket,3.092,8.494,10.186,3,Daxy,3.41,7.947,9.087,3,Zupy,20.973,49.822,51.763,3,no,yes,learning,,Three,199813,NoCue,DenialZupy|NonexiTruck|ProhTouch|NonexiBucket|DenialDaxy|ProhAway,Sha|Bei
2019-06-01 00:37:44,2019-06-01 00:40:13,IP Address,73.10.133.160,100,149,True,2019-06-01 00:40:14,R_1lxT9j1cw5LDYIj,,,,,39.3672943115234375,-75.029296875,anonymous,EN,AIUT9MFS97CVI,0,0,40,0,,,,,,,,,Touch it,4.89,4.89,5.925,1,Stay away,12.301,12.301,13.522,1,Truck,3.601,3.601,4.552,1,Bucket,5.589,5.589,6.444,1,Daxy,10.177,10.892,11.845,2,Zupy,6.059,6.059,7.058,1,No,Yes,unsure,none,Three,357353,Cong,ProhAway|DenialDaxy|DenialZupy|ProhTouch|NonexiBucket|NonexiTruck,Sha|Bei
2019-06-01 00:34:36,2019-06-01 00:40:53,IP Address,41.80.252.165,100,376,True,2019-06-01 00:40:53,R_8GuicfvaI6IutVf,,,,,1,38,anonymous,EN,A2GQGYKPLKQGSZ,,,,,0,0,106.798,0,,,,,Touch it,63.884,63.884,74.322,1,Touch it,1.728,3.066,3.8,2,Bucket,1.813,3.617,4.2,3,Bucket,6.878,15.749,16.658,4,Zupy,9.457,22.278,23.188,5,Daxy,3.946,3.946,4.965,1,Touch,Stay away,Language recognition,No,Three,378555,Incong,ProhTouch|DenialDaxy|NonexiBucket|DenialZupy|ProhAway|NonexiTruck,Sha|Bei
2019-06-01 00:35:09,2019-06-01 00:40:56,IP Address,73.92.8.145,100,346,True,2019-06-01 00:40:56,R_Dl5gHGiiXJY8JW1,,,,,37.7220001220703125,-122.16429901123046875,anonymous,EN,A2E8732M0QPLVD,,,,,,,,,0,0,45.295,0,Stay away,7.005,7.005,9.239,1,Stay away,10.292,13.745,15.354,2,Truck,49.024,61.026,66.626,3,Bucket,9.526,55.433,56.982,3,Zupy,16.484,16.484,19.243,1,Zupy,7.375,10.441,12.407,2,Negative,"Affirmative ","Association ",No,Three,441296,NoCue,NonexiTruck|ProhAway|DenialDaxy|ProhTouch|NonexiBucket|DenialZupy,Bei|Sha
2019-06-01 00:35:31,2019-06-01 00:41:15,IP Address,98.235.77.27,100,344,True,2019-06-01 00:41:16,R_1CpFKkUYM8wwouU,,,,,40.7957000732421875,-77.8618011474609375,anonymous,EN,ARR3UJTM2ZGK4,,,,,,,,,0,0,43.918,0,Touch it,7.466,12.082,13.073,2,Stay away,27.535,27.535,29.19,1,Truck,4.422,7.086,8.038,2,Bucket,7.041,17.584,18.591,3,Daxy,3.881,6.305,7.136,2,Zupy,7.471,10.319,11.605,2,No,Yes,To see if one can learn foreign words by observing actions,no,Three,247205,NoCue,ProhAway|NonexiBucket|DenialZupy|ProhTouch|NonexiTruck|DenialDaxy,Bei|Sha
2019-06-01 00:37:15,2019-06-01 00:41:22,IP Address,174.215.14.38,100,246,True,2019-06-01 00:41:22,R_2EFff8wHT7oohAi,,,,,37.7595062255859375,-122.43669891357421875,anonymous,EN,AGLHYBLKKNB6Q,,,,,6.076,11.867,51.4,7,,,,,Touch it,6.56,7.651,8.385,2,Stay away,2.437,9.755,10.627,3,Bucket,21.665,32.435,33.132,8,Truck,5.377,5.377,6.239,1,Zupy,6.531,6.531,7.443,1,Zupy,10.432,10.432,11.651,1,Yes or no,Yes or no,I have no idea,No,Three,607519,Incong,NonexiTruck|DenialZupy|DenialDaxy|ProhAway|NonexiBucket|ProhTouch,Bei|Sha
2019-06-01 00:38:50,2019-06-01 00:41:56,IP Address,71.91.80.50,100,186,True,2019-06-01 00:41:57,R_2doR6u4D5aceTDx,,,,,34.322296142578125,-86.1934967041015625,anonymous,EN,A1QKIA8XRNEXIG,,,,,0,0,38.324,0,,,,,Stay away,12.106,20.806,21.768,2,Touch it,5.282,5.282,10.477,1,Bucket,3.575,3.575,6.278,1,Truck,4.171,4.171,6.159,1,Zupy,5.356,6.382,11.885,2,Daxy,5.012,5.012,6.044,1,Yes,No,How we understand other languages,No,Three,287293,Incong,ProhTouch|ProhAway|DenialDaxy|NonexiBucket|DenialZupy|NonexiTruck,Bei|Sha
2019-06-01 00:37:00,2019-06-01 00:42:18,IP Address,196.139.10.232,100,318,True,2019-06-01 00:42:19,R_pTc4lKE7G3dA0kV,,,,,31.2162017822265625,29.9528961181640625,anonymous,EN,A3LSXZR843QSGC,,,,,17.348,23.878,40.062,2,,,,,Stay away,6.464,6.464,7.962,1,Stay away,9.61,13.163,14.577,3,Truck,7.37,17.449,19.965,3,Bucket,6.701,8.966,9.356,4,Daxy,14.884,53.914,59.401,13,Daxy,6.937,14.376,15.693,4,no,yes,I think it's about how people interpret language in various situations.,"I had a really difficult time keeping track of the words. I knew that I thought they meant yes and no, but transferring that into the answers to the questions about choosing the objects was a lot more confusing than I expected it to be. I second guessed a lot of my answers. ",Three,383827,Incong,DenialDaxy|NonexiBucket|DenialZupy|ProhAway|ProhTouch|NonexiTruck,Sha|Bei
2019-06-01 00:36:17,2019-06-01 00:43:22,IP Address,73.120.253.71,100,425,True,2019-06-01 00:43:23,R_2TnQ6cWoCtfXor2,,,,,41.8950958251953125,-87.8159027099609375,anonymous,EN,AKW57KYG90X61,,,,,0,0,49.143,0,,,,,Stay away,4.822,59.622,60.187,6,Touch it,4.297,16.104,17.079,3,Bucket,38.175,38.175,39.442,1,Truck,7.944,10.044,11.794,2,Zupy,6.702,8.431,10.614,2,Daxy,6.683,23.545,25.072,2,"It means ""yes you can.","It means ""no you can't"".",I think it is about AI Training.,"There is none for now, if any comes to mind, I would send you an email.",Three,827118,Incong,NonexiTruck|ProhTouch|DenialZupy|NonexiBucket|DenialDaxy|ProhAway,Bei|Sha
2019-06-01 00:39:56,2019-06-01 00:43:49,IP Address,76.102.115.62,100,232,True,2019-06-01 00:43:50,R_ZJ0AjcfQLkLRjeF,,,,,37.7183074951171875,-122.41030120849609375,anonymous,EN,A1NH9NLE8FFVSW,,,,,0,0,44.667,0,,,,,Touch it,5.939,5.939,7.614,1,Stay away,7.788,7.788,8.572,1,Truck,20.807,28.584,33.683,3,Bucket,5.027,5.027,6.603,1,Daxy,10.148,11.554,12.46,3,Zupy,14.545,18.294,19.24,2,no,yes,I think it's to see if people can guess the meaning of words from them being used in examples.,,Three,84639,Incong,NonexiTruck|DenialZupy|ProhAway|DenialDaxy|ProhTouch|NonexiBucket,Bei|Sha
2019-06-01 00:41:39,2019-06-01 00:44:12,IP Address,99.75.53.174,100,152,True,2019-06-01 00:44:13,R_1f9FNi86NCWXHft,,,,,41.9777984619140625,-88.2017974853515625,anonymous,EN,A17TKHT8FEVH0R,,,,,,,,,0,0,38.889,0,Touch it,6.263,6.263,6.876,1,Stay away,3.698,3.698,4.544,1,Bucket,3.165,3.165,4.165,1,Truck,3.022,3.022,5.869,1,Zupy,18.1,28.173,29.402,2,Daxy,2.029,4.677,5.459,2,Stay away.,You can get closer.,I have no idea.,,Three,498706,NoCue,DenialDaxy|ProhTouch|NonexiBucket|DenialZupy|ProhAway|NonexiTruck,Sha|Bei
2019-06-01 00:39:11,2019-06-01 00:44:32,IP Address,172.90.99.230,100,321,True,2019-06-01 00:44:33,R_pQLFlUU9f05KekN,,,,,33.7870941162109375,-117.8820953369140625,anonymous,EN,A3B58QWMTBXVE0,18.148,18.148,46.548,1,,,,,,,,,Touch it,4.047,6.953,8.757,2,Stay away,8.227,8.227,9.882,1,Truck,7.778,7.778,9.525,1,Bucket,0,0,16.236,0,Daxy,5.278,5.278,6.755,1,Zupy,8.646,11.75,13.354,2,no,yes,Learning words,,Three,652832,Cong,DenialZupy|NonexiBucket|ProhTouch|DenialDaxy|ProhAway|NonexiTruck,Bei|Sha
2019-06-01 00:41:59,2019-06-01 00:44:49,IP Address,174.212.4.148,100,169,True,2019-06-01 00:44:49,R_3NxopCIRSlpSClf,,,,,33.924896240234375,-117.459197998046875,anonymous,EN,A1N53V41FMCR7Q,2.48,36.501,38.879,9,,,,,,,,,Touch it,1.173,3.119,3.638,3,Stay away,3.945,5.869,6.877,2,Truck,0.73,5.098,5.115,3,Bucket,1.27,2.373,2.967,2,Daxy,1.13,2.683,3.684,2,Zupy,8.403,10.311,12.216,2,no,yes,how people interpert an unknown language,no,Three,725552,Cong,ProhAway|ProhTouch|DenialZupy|DenialDaxy|NonexiTruck|NonexiBucket,Sha|Bei
2019-06-01 00:41:24,2019-06-01 00:45:34,IP Address,68.174.180.220,100,249,True,2019-06-01 00:45:34,R_OHUZRVXOAE4KkpP,,,,,40.7512969970703125,-73.88300323486328125,anonymous,EN,AWQP20VVZBLSF,,,,,0,0,47.678,0,,,,,Touch it,5.904,5.904,7.972,1,Stay away,15.206,15.206,18.64,1,Truck,11.658,11.658,14.256,1,Bucket,6.542,6.542,15.432,1,Daxy,9.86,12.804,13.704,2,Zupy,13.294,13.294,16.91,1,No,Yes,"Voice one, feedback, and direction",,Three,284879,Incong,ProhAway|DenialZupy|NonexiTruck|DenialDaxy|NonexiBucket|ProhTouch,Sha|Bei
2019-06-01 00:44:02,2019-06-01 00:46:49,IP Address,68.102.123.204,100,166,True,2019-06-01 00:46:49,R_3EuSVrI1dwt4z9S,,,,,37.7006988525390625,-97.43830108642578125,anonymous,EN,A1PYK3QS7O93XA,4.459,4.459,37.008,1,,,,,,,,,Touch it,15.803,17.588,18.246,2,Stay away,2.459,2.459,5.195,1,Truck,3.167,7.467,8.507,3,Bucket,2.094,4.116,6.178,3,Daxy,1.78,2.384,3.655,2,Zupy,3.233,4.445,7.341,2,No,Yes,"I'm not sure, perhaps how people are able to communicate even though they don't know the language fully?",,Three,148591,Cong,ProhTouch|ProhAway|NonexiTruck|DenialZupy|NonexiBucket|DenialDaxy,Bei|Sha
2019-06-01 00:43:55,2019-06-01 00:47:18,IP Address,198.228.170.224,100,203,True,2019-06-01 00:47:19,R_p5YaX14yQFrEoE1,,,,,37.751007080078125,-97.82199859619140625,anonymous,EN,A5QPJC897RQAD,0,0,92.03,0,,,,,,,,,Stay away,3.003,3.003,4.348,1,Touch it,2.601,2.601,3.933,1,Bucket,3.257,5.203,6.625,4,Truck,3.654,5.224,6.691,2,Zupy,2.961,4.566,5.263,2,Zupy,2.813,2.813,3.947,1,NO,NO,NO,NO,Three,165674,Cong,NonexiBucket|ProhTouch|DenialZupy|ProhAway|DenialDaxy|NonexiTruck,Bei|Sha
2019-06-01 00:43:25,2019-06-01 00:47:34,IP Address,98.225.249.251,100,249,True,2019-06-01 00:47:35,R_3fvpIPdyAwNdXUa,,,,,40.1215057373046875,-75.32689666748046875,anonymous,EN,AN414G2TCBJVO,,,,,0,0,38.449,0,,,,,Touch it,33.461,33.461,37.085,1,Stay away,6.267,7.308,8.372,2,Truck,7.323,24.531,26.682,2,Bucket,9.947,9.947,15.114,1,Daxy,5.554,5.554,15.184,1,Zupy,6.394,10.482,11.754,3,No,Yes,"Study of learning a new language ",,Three,72835,Incong,ProhTouch|NonexiBucket|DenialDaxy|DenialZupy|NonexiTruck|ProhAway,Bei|Sha
2019-06-01 00:40:36,2019-06-01 00:51:08,IP Address,75.164.188.156,100,631,True,2019-06-01 00:51:09,R_3hz7zBQxJdg2Uis,,,,,44.9225006103515625,-123.31999969482421875,anonymous,EN,A20XPARTTWNNK2,,,,,,,,,19.909,344.115,345.281,8,Touch it,10.085,12.986,13.985,4,Stay away,7.95,9.106,10.51,2,Truck,4.564,19.67,20.631,6,Bucket,21.091,26.324,27.908,3,Daxy,6.981,12.082,13.026,4,Zupy,15.395,36.461,37.648,7,no,yes,language acquisition,thanks!,Three,607981,NoCue,DenialZupy|NonexiBucket|ProhTouch|DenialDaxy|ProhAway|NonexiTruck,Bei|Sha
2019-06-01 00:46:23,2019-06-01 00:52:06,IP Address,49.149.127.217,100,342,True,2019-06-01 00:52:07,R_3MS9lgGdGVBe7Fi,,,,,8.9492034912109375,125.543609619140625,anonymous,EN,A3TCMSUQYLCUHA,,,,,,,,,3.775,49.352,51.596,5,Stay away,9.355,11.744,13.026,2,Touch it,15.205,17.693,19.178,2,Truck,7.278,40.164,41.127,13,Bucket,3.147,23.799,30.323,3,Daxy,14.109,16.523,17.853,2,Daxy,7.338,8.984,10.165,2,yes,no,listening and observing to understand,none thank you,Three,607583,NoCue,NonexiTruck|DenialDaxy|ProhTouch|NonexiBucket|ProhAway|DenialZupy,Bei|Sha
2019-06-01 00:48:56,2019-06-01 00:52:42,IP Address,64.188.185.255,100,226,True,2019-06-01 00:52:42,R_1Ic7uQVaRTPBw7x,,,,,33.09930419921875,-98.58319854736328125,anonymous,EN,A299C7WS77XSW4,0,0,40.895,0,,,,,,,,,Touch it,9.545,9.545,12.317,1,Stay away,6.617,6.617,7.892,1,Truck,4.473,4.473,5.844,1,Bucket,6.018,6.018,10.36,1,Daxy,14.831,20.35,22.837,2,Zupy,5.269,5.795,6.773,2,No,Yes,"How intonation (and maybe facial expressions) effect our ability to understand basic foreign words, maybe.","No, but I hope you have a great day!",Three,610243,Cong,DenialDaxy|NonexiBucket|ProhAway|NonexiTruck|DenialZupy|ProhTouch,Sha|Bei
2019-06-01 00:49:32,2019-06-01 00:54:01,IP Address,96.250.209.3,100,269,True,2019-06-01 00:54:02,R_pADLDphxTO3gie5,,,,,40.70989990234375,-73.95909881591796875,anonymous,EN,A1KRJJZHPB2TLU,0,0,45.19,0,,,,,,,,,Touch it,2.14,8.555,12.178,2,Stay away,13.904,13.904,16.682,1,Truck,17.01,17.01,19,1,Bucket,8.832,8.832,10.471,1,Daxy,3.478,3.478,5.101,1,Zupy,53.862,53.862,55.526,1,no,yes,understand a meaning without knowlegde of this language,,Three,891869,Cong,NonexiTruck|NonexiBucket|ProhTouch|DenialZupy|ProhAway|DenialDaxy,Sha|Bei
2019-06-01 00:50:37,2019-06-01 00:54:26,IP Address,70.133.174.138,100,228,True,2019-06-01 00:54:26,R_3koxWOnwzZWjomx,,,,,36.07110595703125,-86.71959686279296875,anonymous,EN,AD1PP40BCLSD2,,,,,,,,,0,0,40.533,0,Stay away,6.672,8.328,9.508,2,Stay away,6.048,6.048,6.868,1,Truck,2.394,4.184,6.854,2,Bucket,2.298,2.298,3.317,1,Zupy,7.372,11,11.679,4,Zupy,3.41,3.41,4.287,1,Sha,Bei,The study was about  watch the videos and evaluate.,None,Three,957662,NoCue,ProhAway|NonexiTruck|DenialZupy|NonexiBucket|DenialDaxy|ProhTouch,Bei|Sha
2019-06-01 00:49:37,2019-06-01 00:54:48,IP Address,24.209.55.201,100,311,True,2019-06-01 00:54:48,R_2CJr1TBqQXvjIJJ,,,,,41.4951019287109375,-81.4656982421875,anonymous,EN,A10Z4QVBJIA914,,,,,13.269,13.269,39.854,1,,,,,Stay away,7.324,7.324,8.449,1,Touch it,5.906,6.852,8.027,2,Bucket,23.301,23.301,24.696,1,Bucket,5.462,6.421,82.896,3,Daxy,25.654,25.654,26.475,1,Daxy,7.522,7.522,8.167,1,no,yes,"If audio cues differ from visual clues, how do you tell the difference",,Three,395761,Incong,NonexiTruck|ProhTouch|DenialDaxy|NonexiBucket|ProhAway|DenialZupy,Sha|Bei
2019-06-01 00:49:07,2019-06-01 00:55:46,IP Address,72.52.87.195,100,398,True,2019-06-01 00:55:46,R_2tsclncw5oQjcZ6,,,,,37.751007080078125,-97.82199859619140625,anonymous,EN,A3JTORZ2KPNZO4,,,,,,,,,0,0,55.155,0,Touch it,19.101,21.037,22.009,6,Touch it,4.581,5.879,6.123,2,Truck,5.481,34.781,35.566,9,Truck,22.579,22.94,24.074,2,Daxy,35.717,53.797,55.425,4,Zupy,1.901,18.35,20.652,3,no,yes,"opinions ",,Three,688290,NoCue,DenialDaxy|DenialZupy|NonexiBucket|ProhTouch|NonexiTruck|ProhAway,Bei|Sha
2019-06-01 00:51:56,2019-06-01 00:56:25,IP Address,174.22.217.65,100,269,True,2019-06-01 00:56:26,R_2Yap25lBAEtZfwK,,,,,33.465606689453125,-111.99559783935546875,anonymous,EN,AR376H1OE6Z0S,,,,,55.497,55.497,56.294,1,,,,,Stay away,6.887,8.208,9.762,3,Touch it,15.045,16.375,17.597,2,Bucket,7.911,7.911,18.572,1,Truck,32.081,33.491,34.416,2,Zupy,8.971,13.522,14.199,3,Daxy,9.616,11.76,13.298,3,yes,no,human emotion and body language associated with words,no,Three,4614,Incong,ProhAway|NonexiTruck|ProhTouch|NonexiBucket|DenialDaxy|DenialZupy,Bei|Sha
2019-06-01 00:52:31,2019-06-01 00:57:05,IP Address,71.238.97.59,100,273,True,2019-06-01 00:57:06,R_2EuzHYmXEvHtW0g,,,,,44.94659423828125,-123.010498046875,anonymous,EN,AYO59C394ZYIZ,,,,,0,0,42.253,0,,,,,Stay away,9.527,9.527,10.779,1,Touch it,5.84,5.84,8.141,1,Bucket,7.995,7.995,11.409,1,Truck,24.934,24.934,31.003,1,Zupy,8.505,8.505,10.027,1,Daxy,16.021,17.803,20.152,2,Yes,No,Interpret a new language from expressions,None,Three,834694,Incong,NonexiBucket|DenialZupy|NonexiTruck|DenialDaxy|ProhTouch|ProhAway,Bei|Sha
2019-06-01 00:55:14,2019-06-01 00:59:36,IP Address,104.186.234.163,100,261,True,2019-06-01 00:59:36,R_3Ms2P5sLKnm1ReQ,,,,,36.032196044921875,-79.85880279541015625,anonymous,EN,A3HVFSD8K94SOR,4.063,34.974,37.747,2,,,,,,,,,Touch it,6.747,17.587,18.754,3,Stay away,16.439,22.737,23.901,3,Truck,12.557,26.581,27.351,4,Bucket,7.489,24.978,26.425,3,Daxy,5.095,12.207,13.435,2,Zupy,5.389,10.191,11.97,2,no,yes,languages,,Three,84958,Cong,ProhAway|NonexiBucket|DenialZupy|ProhTouch|DenialDaxy|NonexiTruck,Bei|Sha
2019-06-01 00:57:43,2019-06-01 01:00:04,IP Address,47.34.232.31,100,140,True,2019-06-01 01:00:04,R_4YPE7GZtySswjS1,,,,,34.135406494140625,-117.5989990234375,anonymous,EN,A20QXCW2IQ1JTI,,,,,,,,,41.391,41.391,42.343,1,Touch it,2.007,2.007,2.922,1,Touch it,2.236,2.236,3.406,1,Bucket,2.128,2.128,3.04,1,Truck,1.992,6.896,8.162,2,Zupy,1.588,1.588,2.386,1,Zupy,6.589,6.589,7.713,1,touch,can,decision making,very good,Three,663845,NoCue,DenialZupy|NonexiBucket|NonexiTruck|DenialDaxy|ProhTouch|ProhAway,Sha|Bei
2019-06-01 00:57:09,2019-06-01 01:00:49,IP Address,107.220.196.216,100,220,True,2019-06-01 01:00:50,R_2V7qhZi4JcXfZXG,,,,,38.4539031982421875,-90.3280029296875,anonymous,EN,A124VLPGJPYRH4,,,,,0,0,55.856,0,,,,,Stay away,0.547,4.4,5.592,2,Touch it,2.098,2.098,3.032,1,Truck,1.94,3.931,4.717,2,Bucket,5.991,5.991,7.019,1,Zupy,6.472,12.909,14.499,5,,0.22,3.299,3.83,4,Distance,Touch,This study is about to watch videos and learn.,None,Three,735384,Incong,DenialDaxy|DenialZupy|ProhTouch|NonexiBucket|ProhAway|NonexiTruck,Sha|Bei
2019-06-01 00:56:32,2019-06-01 01:01:46,IP Address,108.6.186.75,100,314,True,2019-06-01 01:01:46,R_3jerxh5ZlsdGSBZ,,,,,40.70989990234375,-73.95909881591796875,anonymous,EN,AQ54XZWJFSBU7,,,,,,,,,2.939,45.703,46.482,6,Touch it,0.524,25.448,26.333,14,Stay away,1.345,47.773,48.714,18,Truck,2.397,15.106,15.741,6,Bucket,0.362,28.62,30.138,16,Daxy,0.275,10.923,11.697,13,Zupy,0.264,33.378,34.255,16,No,Yes,Figuring out yes and no,No,Three,373864,NoCue,ProhAway|NonexiBucket|ProhTouch|DenialZupy|DenialDaxy|NonexiTruck,Bei|Sha
2019-06-01 00:59:53,2019-06-01 01:02:44,IP Address,78.190.224.234,100,170,True,2019-06-01 01:02:45,R_24pihjk7OJijCZa,,,,,39.9806060791015625,26.2368927001953125,anonymous,EN,AISNLDPD2DFEG,6.708,6.708,48.554,1,,,,,,,,,Touch it,3.287,4.739,5.173,3,Stay away,4.797,5.743,6.113,2,Truck,2.735,3.361,3.86,2,Bucket,16.265,17.853,19.6,3,Daxy,1.908,2.56,3.479,2,Zupy,2.946,3.643,4.047,2,No,Yes,If we understand a couple words in a language from the video.,It was fun,Three,475220,Cong,NonexiBucket|ProhAway|NonexiTruck|ProhTouch|DenialZupy|DenialDaxy,Bei|Sha
2019-06-01 00:51:23,2019-06-01 01:02:46,IP Address,196.19.159.162,100,682,True,2019-06-01 01:02:47,R_1pAU05ywfBIc7ut,,,,,39.099700927734375,-94.5785980224609375,anonymous,EN,AHHB5ZY2QL0ZZ,0,0,398.646,0,,,,,,,,,Touch it,4.266,10.865,12.073,2,Stay away,1.022,3.688,4.822,3,Truck,2.156,2.156,3.361,1,Truck,8.02,10.065,11.144,2,Daxy,18.556,18.556,19.606,1,Zupy,11.435,11.435,12.572,1,Stay,touch it,video study,It was a good task,Three,682978,Cong,ProhTouch|DenialDaxy|ProhAway|NonexiBucket|NonexiTruck|DenialZupy,Bei|Sha
2019-06-01 01:00:43,2019-06-01 01:02:55,IP Address,172.14.118.218,100,132,True,2019-06-01 01:02:56,R_1fluDT5un0e4Ze4,,,,,34.136993408203125,-118.2375946044921875,anonymous,EN,A1BM57TUNAQIXM,,,,,,,,,0,0,40.314,0,Touch it,5.732,6.022,6.759,2,Stay away,8.993,8.993,9.945,1,Truck,3.854,3.854,4.755,1,Bucket,2.508,2.508,3.151,1,Daxy,4.291,4.291,5.13,1,Zupy,3.855,3.855,4.663,1,No,Yes,Our understanding of an unknown language.,None,Three,400952,NoCue,NonexiTruck|ProhAway|ProhTouch|DenialDaxy|DenialZupy|NonexiBucket,Sha|Bei
2019-06-01 00:56:13,2019-06-01 01:03:59,IP Address,104.32.150.247,100,465,True,2019-06-01 01:04:00,R_10V1MAX5YWYTGLD,,,,,34.006805419921875,-118.2559967041015625,anonymous,EN,ATHUT3W7SAZ31,,,,,0,0,42.023,0,,,,,Stay away,38.489,38.489,40.201,1,Touch it,11.127,13.108,15.372,2,Bucket,39.89,39.89,40.953,1,Truck,3.008,3.008,13.126,1,Daxy,98.951,125.439,127.314,5,Daxy,13.251,13.251,14.429,1,No,Yes,"It was interesting. ","Didn't really understood anything the lady was saying. ",Three,336559,Incong,DenialDaxy|DenialZupy|ProhTouch|ProhAway|NonexiBucket|NonexiTruck,Bei|Sha
2019-06-01 01:00:36,2019-06-01 01:06:03,IP Address,98.181.216.30,100,326,True,2019-06-01 01:06:03,R_21v1X1V83Ee1Oon,,,,,36.1472015380859375,-115.11750030517578125,anonymous,EN,ABFP9YDVFKGUZ,,,,,0,0,38.871,0,,,,,Touch it,9.092,9.092,10.522,1,Stay away,4.468,11.403,14.023,5,Truck,10.079,13.499,17.09,2,Bucket,18.612,23.325,27.779,5,Daxy,12.323,12.323,17.042,1,Zupy,5.586,5.586,6.601,1,no,yes,"maybe trying to see peoples' reactions to tone of voice, assuming the lighter ""bah"" seems like yes rather than no",,Three,354150,Incong,NonexiBucket|NonexiTruck|DenialDaxy|ProhAway|ProhTouch|DenialZupy,Bei|Sha
2019-06-01 00:59:43,2019-06-01 01:10:47,IP Address,173.172.22.37,100,663,True,2019-06-01 01:10:47,R_1BYptNJTszOKFiJ,,,,,33.185394287109375,-96.130401611328125,anonymous,EN,A4BTQ8IN6UUDW,,,,,0,0,45.132,0,,,,,Touch it,7.984,7.984,9.264,1,Stay away,9.72,9.72,10.712,1,Truck,4.856,4.856,6.396,1,Bucket,22.224,40.095,41.166,3,Daxy,7.65,9.506,10.441,2,Daxy,30.985,69.192,70.777,3,No.,Yes.,Perceptions of voice tone vs. facial expressions.,"Honestly, I am schizophrenic and this had me pretty confused.",Three,939081,Incong,DenialZupy|NonexiBucket|DenialDaxy|ProhAway|NonexiTruck|ProhTouch,Sha|Bei
2019-06-01 01:06:08,2019-06-01 01:23:31,IP Address,75.172.96.247,100,1042,True,2019-06-01 01:23:32,R_3e525AbWvXhS3lr,,,,,46.819305419921875,-123.0406036376953125,anonymous,EN,A5MHDN5VHCMCT,0,0,45.007,0,,,,,,,,,Touch it,7.329,11.234,11.913,2,Stay away,7.985,7.985,8.603,1,Truck,18.17,18.17,19.181,1,Bucket,20.136,22.252,23.113,2,Zupy,4.01,6.033,6.99,2,Zupy,26.286,26.814,28.315,2,no,yes,understanding and learning by association,,Three,477543,Cong,NonexiBucket|ProhAway|ProhTouch|DenialZupy|NonexiTruck|DenialDaxy,Bei|Sha
2019-06-01 01:31:49,2019-06-01 01:36:13,IP Address,199.58.187.135,100,263,True,2019-06-01 01:36:13,R_2sYkdWzhSX2S7vK,,,,,33.4412994384765625,-112.0420989990234375,anonymous,EN,A25HIOE2S953Y4,0,0,48.015,0,,,,,,,,,Touch it,10.757,12.313,13.314,3,Stay away,13.541,13.541,16.385,1,Truck,8.267,16.871,18.197,2,Bucket,7.625,7.625,9.834,1,Zupy,12.562,13.782,14.544,2,Zupy,24.057,50.5,51.454,4,no,yes,I have no idea but maybe about language learning,,Three,816134,Cong,DenialZupy|DenialDaxy|NonexiTruck|NonexiBucket|ProhAway|ProhTouch,Sha|Bei
2019-06-01 01:39:39,2019-06-01 01:44:15,IP Address,162.206.15.180,100,276,True,2019-06-01 01:44:16,R_UFUQtxPAsraqfE5,,,,,31.777496337890625,-106.49030303955078125,anonymous,EN,A1I0DV4B4MFQCL,,,,,,,,,0,0,71.747,0,Touch it,4.784,4.784,5.911,1,Stay away,4.336,4.336,5.817,1,Truck,3.728,5.523,8.787,2,Bucket,15.713,15.713,19.42,1,Daxy,7.009,7.009,8.501,1,Zupy,3.816,3.816,5.238,1,No,Yes,If one can learn words through body language,No.,Three,331436,NoCue,NonexiBucket|NonexiTruck|DenialDaxy|ProhAway|ProhTouch|DenialZupy,Sha|Bei
2019-06-01 01:45:02,2019-06-01 01:48:02,IP Address,107.77.236.27,100,180,True,2019-06-01 01:48:03,R_5vGLJESDUOKwZu9,,,,,33.748504638671875,-84.3871002197265625,anonymous,EN,A3D2GO0IFRFN6R,,,,,,,,,0,0,38.379,0,Touch it,4.704,4.704,6.006,1,Stay away,5.713,5.713,6.951,1,Truck,7.741,9.99,11.054,2,Bucket,4.106,4.106,6.16,1,Daxy,3.74,7.221,8.513,2,Zupy,15.708,39.41,41.177,3,No,Yes,not sure.,,Three,91411,NoCue,DenialZupy|DenialDaxy|ProhAway|ProhTouch|NonexiTruck|NonexiBucket,Sha|Bei
2019-06-01 00:28:43,2019-06-01 00:28:54,IP Address,184.59.231.92,4,11,False,2019-06-08 00:29:14,R_3GlIWouJfHYTMWU,,,,,,,anonymous,EN,APKFFVZKZJ6NZ,,,,,,,,,,,,,,,,,,,,,,,,,,,,,,,,,,,,,,,,,,,,,,,,825160,,,
2019-06-01 00:29:22,2019-06-01 00:33:28,IP Address,162.200.68.246,96,245,False,2019-06-08 00:33:46,R_3D6ZXO90U38Bqmw,,,,,,,anonymous,EN,A3KHSD6AHN8TWB,,,,,0,0,40.138,0,,,,,Touch it,18.225,18.225,19.68,1,Stay away,5.476,7.203,8.375,2,Truck,18.977,20.733,21.885,2,Bucket,6.854,11.528,17.749,2,Daxy,4.603,7.083,8.833,2,Zupy,2.986,10.528,11.868,3,No,Yes,fun,none,Three,219596,Incong,ProhTouch|ProhAway|NonexiBucket|NonexiTruck|DenialDaxy|DenialZupy,Sha|Bei
2019-06-01 00:32:29,2019-06-01 00:33:39,IP Address,72.179.53.83,30,70,False,2019-06-08 00:33:58,R_ux1IThEdClWLZ7P,,,,,,,anonymous,EN,A31MU6LZ7ZKJD7,,,,,0,0,38.407,0,,,,,,,,,,,,,,,,,,,,,,,,,,,,,,,,,,,,,,,,426064,Incong,,
2019-06-01 00:35:49,2019-06-01 00:36:12,IP Address,27.34.70.151,4,22,False,2019-06-08 00:36:26,R_RrcadCjODAb6PMR,,,,,,,anonymous,EN,A1Y6VW621TEYXN,,,,,,,,,,,,,,,,,,,,,,,,,,,,,,,,,,,,,,,,,,,,,,,,21543,,,
2019-06-01 00:35:24,2019-06-01 00:37:07,IP Address,24.228.78.127,70,103,False,2019-06-08 00:37:31,R_2QG3ueGcKEcBdqa,,,,,,,anonymous,EN,A183SR34OPZN9S,6.372,10.35,36.216,2,,,,,,,,,Touch it,6.133,9.121,11.029,2,Touch it,0.981,2.75,3.027,3,Bucket,1.082,1.082,1.846,1,,,,,,Daxy,0.978,3.733,4.629,4,Zupy,9.446,9.446,10.421,1,,,,,,401487,Cong,ProhTouch|DenialZupy|ProhAway|DenialDaxy|NonexiTruck|NonexiBucket,
2019-06-01 00:37:11,2019-06-01 00:39:29,IP Address,174.50.63.143,22,137,False,2019-06-08 00:40:07,R_vH9Pa0elaOuOXux,,,,,,,anonymous,EN,A16RLUZLJ318F5,,,,,,,,,,,,,,,,,,,,,,,,,,,,,,,,,,,,,,,,,,,,,,,,565138,Cong,,
2019-06-01 00:37:28,2019-06-01 00:40:22,IP Address,196.19.156.129,63,174,False,2019-06-08 00:40:30,R_10xc9dgnqQFSIOj,,,,,,,anonymous,EN,A2RI4FGBF7C13R,0,0,62.501,0,,,,,,,,,,,,,,,,,,,Bucket,37.686,37.686,38.631,1,Bucket,16.082,16.082,17.339,1,Daxy,2.471,2.471,4.691,1,Zupy,3.246,3.246,4.301,1,,,,,,585592,Cong,DenialDaxy|NonexiBucket|NonexiTruck|DenialZupy|ProhAway|ProhTouch,
2019-06-01 00:41:29,2019-06-01 00:41:52,IP Address,72.129.238.38,4,23,False,2019-06-08 00:41:54,R_eE9vlKK5iblzHEJ,,,,,,,anonymous,EN,,,,,,,,,,,,,,,,,,,,,,,,,,,,,,,,,,,,,,,,,,,,,,,,,479519,,,
2019-06-01 00:39:13,2019-06-01 00:42:05,IP Address,172.56.34.157,70,171,False,2019-06-08 00:42:13,R_1MWYkd0uX2rDwDI,,,,,,,anonymous,EN,"A34ILETXFLY5KX ",,,,,,,,,0,0,47.564,0,Stay away,4.825,12.375,13.069,5,Stay away,2.23,16.93,17.454,3,Bucket,3.444,9.127,9.597,7,,,,,,Daxy,1.722,4.884,6.293,5,Zupy,3.688,43.675,44.381,41,,,,,,176678,NoCue,DenialZupy|ProhAway|NonexiTruck|ProhTouch|DenialDaxy|NonexiBucket,
2019-06-01 00:37:30,2019-06-01 00:42:14,IP Address,196.17.251.246,96,284,False,2019-06-08 00:42:14,R_1iheuIxe2NCRbPt,,,,,,,anonymous,EN,AWEBSKTX07CGL,,,,,,,,,0,0,48.768,0,Stay away,1.563,1.563,2.797,1,Stay away,2.756,8.092,9.782,2,Truck,2.684,2.684,4.79,1,Bucket,3.761,12.754,14.081,2,Daxy,20.308,20.308,21.532,1,Zupy,1.116,1.116,2.46,1,darling," at",good,nill,Three,328275,NoCue,ProhAway|NonexiBucket|DenialDaxy|NonexiTruck|DenialZupy|ProhTouch,Bei|Sha
2019-06-01 00:44:46,2019-06-01 00:45:22,IP Address,107.5.88.103,4,35,False,2019-06-08 00:45:22,R_3NX6nOLKiPLyzq4,,,,,,,anonymous,EN,A5T9IFDZ3W4T6,,,,,,,,,,,,,,,,,,,,,,,,,,,,,,,,,,,,,,,,,,,,,,,,960296,,,
2019-06-01 00:43:32,2019-06-01 00:46:16,IP Address,66.168.224.37,41,163,False,2019-06-08 00:46:29,R_2xIV0mMfT5K7MDM,,,,,,,anonymous,EN,A1M3PLZBB92ZTP,,,,,21.175,45.206,46.849,3,,,,,,,,,,Touch it,12.678,41.982,43.876,5,,,,,,,,,,,,,,,,,,,,,,,,,,341316,Incong,ProhAway|DenialDaxy|DenialZupy|NonexiBucket|NonexiTruck|ProhTouch,
2019-06-01 00:42:00,2019-06-01 00:46:27,IP Address,72.129.238.38,33,266,False,2019-06-08 00:47:11,R_PNfYP1OyXA9jTKF,,,,,,,anonymous,EN,A3UQ814LD79TYI,,,,,,,,,0,0,97.598,0,,,,,,,,,,,,,,,,,,,,,,,,,,,,,,,,,,,,227885,NoCue,ProhAway|NonexiBucket|NonexiTruck|DenialDaxy|ProhTouch|DenialZupy,
2019-06-01 00:48:22,2019-06-01 00:48:54,IP Address,67.1.228.31,22,31,False,2019-06-08 00:49:22,R_1gheVsdn5wtYgk3,,,,,,,anonymous,EN,AXKVHJHF1EOVT,,,,,,,,,,,,,,,,,,,,,,,,,,,,,,,,,,,,,,,,,,,,,,,,860360,Incong,,
2019-06-01 00:52:14,2019-06-01 00:53:16,IP Address,24.209.55.201,22,62,False,2019-06-08 00:54:09,R_5tBGcYi1j3hJxdL,,,,,,,anonymous,EN,x,,,,,,,,,,,,,,,,,,,,,,,,,,,,,,,,,,,,,,,,,,,,,,,,905777,Cong,,
2019-06-01 00:47:12,2019-06-01 00:53:50,IP Address,72.129.238.38,96,398,False,2019-06-08 00:54:43,R_3m3Fq9FTh1b3X6Y,,,,,,,anonymous,EN,A3UQ814LD79TYI,,,,,,,,,0,0,61.933,0,Touch it,9.926,14.792,16.25,2,Stay away,1.488,1.488,2.902,1,Truck,3.651,3.651,5.499,1,Truck,9.93,9.93,11.389,1,Daxy,59.638,59.638,60.704,1,Zupy,6.128,6.128,8.354,1,touch,don't touch,"good way ",interesting,Three,205311,NoCue,DenialZupy|DenialDaxy|ProhTouch|ProhAway|NonexiBucket|NonexiTruck,Sha|Bei
2019-06-01 00:53:29,2019-06-01 00:54:27,IP Address,75.167.139.214,22,58,False,2019-06-08 00:54:44,R_3frXUr2Xghenmpf,,,,,,,anonymous,EN,AHCNB3U5FYB4N,,,,,,,,,,,,,,,,,,,,,,,,,,,,,,,,,,,,,,,,,,,,,,,,958836,NoCue,,
2019-06-01 00:52:08,2019-06-01 00:58:08,IP Address,104.186.234.163,33,359,False,2019-06-08 00:58:15,R_1DYXPwUECZrsCWR,,,,,,,anonymous,EN,A3HVFSD8K94SOR,,,,,,,,,4.676,54.069,57.129,4,,,,,,,,,,,,,,,,,,,,,,,,,,,,,,,,,,,,458378,NoCue,DenialZupy|NonexiBucket|DenialDaxy|NonexiTruck|ProhAway|ProhTouch,
2019-06-01 00:50:50,2019-06-01 01:00:36,IP Address,172.14.118.218,70,586,False,2019-06-08 01:00:37,R_3ltRo6tm1mkunZI,,,,,,,anonymous,EN,A1BM57TUNAQIXM,,,,,37.594,37.594,37.819,1,,,,,Stay away,3.26,4.889,5.668,2,Touch it,3.55,7.549,8.92,2,Bucket,4.462,6.129,7.156,2,Truck,1.313,4.74,6.083,2,Zupy,22.59,328.453,329.468,5,,,,,,,,,,,264259,Incong,DenialDaxy|ProhAway|NonexiBucket|NonexiTruck|ProhTouch|DenialZupy,
2019-06-01 00:59:42,2019-06-01 01:00:04,IP Address,172.14.118.218,22,21,False,2019-06-08 01:00:49,R_2QuNlAwnJUfNrHE,,,,,,,anonymous,EN,f,,,,,,,,,,,,,,,,,,,,,,,,,,,,,,,,,,,,,,,,,,,,,,,,50109,NoCue,,
2019-06-01 00:54:01,2019-06-01 01:00:25,IP Address,172.14.118.218,22,383,False,2019-06-08 01:00:50,R_3ffO1bu7Oo8hbCN,,,,,,,anonymous,EN,A1BM57TUNAQIXM,,,,,,,,,,,,,,,,,,,,,,,,,,,,,,,,,,,,,,,,,,,,,,,,6327,Cong,,
2019-06-01 00:59:51,2019-06-01 01:00:16,IP Address,98.246.223.157,22,24,False,2019-06-08 01:01:10,R_3P6QL7C37QUDeaf,,,,,,,anonymous,EN,AH86C305LBCG0,,,,,,,,,,,,,,,,,,,,,,,,,,,,,,,,,,,,,,,,,,,,,,,,535930,Cong,,
2019-06-01 00:58:08,2019-06-01 01:00:59,IP Address,24.0.172.180,96,170,False,2019-06-08 01:01:13,R_6zExyyw9EEoMleF,,,,,,,anonymous,EN,A111HFQSOTLI80,0,0,38.359,0,,,,,,,,,Stay away,4.022,5.218,6.015,2,Stay away,3.174,6.597,7.85,2,Truck,2.375,24.066,25.239,4,Bucket,15.284,17.571,18.842,3,Daxy,3.255,6.201,7.009,4,Zupy,6.108,8.808,10.021,3,No,Yes,Understanding language,,Three,584062,Cong,NonexiTruck|NonexiBucket|DenialZupy|ProhAway|ProhTouch|DenialDaxy,Bei|Sha
2019-06-01 01:00:07,2019-06-01 01:00:31,IP Address,172.14.118.218,22,24,False,2019-06-08 01:01:26,R_29uj1Y0x6xdV038,,,,,,,anonymous,EN,g,,,,,,,,,,,,,,,,,,,,,,,,,,,,,,,,,,,,,,,,,,,,,,,,212827,Incong,,
2019-06-01 01:20:44,2019-06-01 01:26:11,IP Address,107.172.0.122,96,326,False,2019-06-08 01:26:55,R_2whlE6fmAOUmqLv,,,,,,,anonymous,EN,ASSOF3IQ55UXV,,,,,0,0,44.298,0,,,,,Touch it,5,5,6.16,1,Stay away,7.902,7.902,9.999,1,Bucket,4.878,4.878,5.637,1,Truck,2.081,8.945,12.592,2,Daxy,2.727,2.727,3.648,1,Zupy,5.798,5.798,7.39,1,"Cajun and Creole slang, derived from the French ""cher"".","If you are called Beis, everyone appreciates you. ... sound",its nice of sounds good on the time,"its all of knowlege on the studey about ",One,578122,Incong,ProhAway|DenialZupy|DenialDaxy|NonexiBucket|NonexiTruck|ProhTouch,Bei|Sha
2019-06-01 01:00:20,2019-06-01 01:27:03,IP Address,66.66.104.167,96,1602,False,2019-06-08 01:27:09,R_VKj4rWdjJTJw6LT,,,,,,,anonymous,EN,AQD21K1SZ2052,,,,,,,,,0,0,37.53,0,Touch it,1.048,1.048,1.815,1,Stay away,1.024,7.706,8.588,3,Bucket,3.426,4.02,4.686,2,Truck,1.254,2.238,2.64,2,Daxy,12.994,37.02,38.764,7,Zupy,0.62,0.62,1.657,1,what,at,Understanding videos and learning from them,nope,Three,141534,NoCue,DenialDaxy|ProhAway|NonexiBucket|NonexiTruck|ProhTouch|DenialZupy,Bei|Sha
